time_s,setpoint,true_speed,raw_measurement,filtered_measurement,control_output,error,jitter_ms,sensor_delay_ms,overrun
0.011764,0.000000,0.000000,0.000000,0.000000,0.000000,0.000000,0.448039,0,0
0.021613,0.000000,0.000000,0.000000,0.000000,0.000000,0.000000,0.297111,0,0
0.031378,0.000000,0.249442,-2.223760,-2.223760,8.730483,2.223760,0.062071,11,0
0.042270,0.000000,0.249570,0.887247,-1.749200,0.253896,1.749200,0.953590,13,0
0.052183,0.000000,0.242439,3.407995,-1.015457,0.000000,1.015457,0.867368,4,0
0.061944,0.000000,0.266084,3.407995,-1.015457,1.070012,1.015457,0.628321,4,0
0.071803,0.000000,0.258482,-0.895672,-0.669659,0.000000,0.669659,0.487112,0,0
0.081392,0.000000,0.273771,-0.895672,-0.669659,0.793616,0.669659,0.075746,0,0
0.092177,0.000000,0.289121,-0.895672,-0.669659,0.811027,0.669659,0.860989,0,0
0.101970,0.000000,0.326374,-3.537439,-0.864389,1.592949,0.864389,0.653519,0,0
0.111702,0.000000,0.346512,-3.537439,-0.864389,1.031233,0.864389,0.385997,0,0
0.121418,0.000000,0.336612,1.979403,-0.533041,0.000000,0.533041,0.102165,13,0
0.132158,0.000000,0.385685,-1.479436,-0.862492,2.054161,0.862492,0.842377,4,0
0.142420,0.000000,0.425686,-2.438923,-1.040153,1.785733,1.040153,1.104211,7,0
0.152105,0.000000,0.450089,-2.438923,-1.040153,1.279792,1.040153,0.788868,7,0
0.161813,0.000000,0.471664,-0.808861,-1.014266,1.205201,1.014266,0.496618,14,0
0.171594,0.000000,0.462114,1.667105,-0.715787,0.137408,0.715787,0.277874,11,0
0.182441,0.000000,0.477844,-0.626652,-0.705908,1.012669,0.705908,1.124703,15,0
0.192218,0.000000,0.494496,-0.626652,-0.705908,1.060660,0.705908,0.902237,15,0
0.201986,0.000000,0.511196,-0.626652,-0.705908,1.079013,0.705908,0.669840,15,0
0.211556,0.000000,0.510116,0.733041,-0.546972,0.473386,0.546972,0.240118,26,0
0.222433,0.000000,0.523096,0.733041,-0.546972,0.964414,0.546972,1.116600,26,0
0.232158,0.000000,0.508150,-0.680317,-0.282863,0.000000,0.282863,0.842136,3,0
0.241842,0.000000,0.514815,-0.680317,-0.282863,0.741424,0.282863,0.525508,3,0
0.251658,0.000000,0.500106,4.219372,0.210457,0.000000,-0.210457,0.342008,21,0
0.261377,0.000000,0.499089,0.489051,0.165116,0.464502,-0.165116,0.060851,5,0
0.272046,0.000000,0.494092,0.489051,0.165116,0.324186,-0.165116,0.729856,5,0
0.281719,0.000000,0.489115,0.489051,0.165116,0.319893,-0.165116,0.403277,5,0
0.291439,0.000000,0.475140,2.134204,0.380305,0.000000,-0.380305,0.122755,28,0
0.302184,0.000000,0.464606,2.134204,0.380305,0.106446,-0.380305,0.868030,28,0
0.311965,0.000000,0.454090,2.134204,0.380305,0.096558,-0.380305,0.649271,28,0
0.321901,0.000000,0.441116,6.010716,0.764622,0.000000,-0.764622,0.584670,9,0
0.331852,0.000000,0.428513,6.010716,0.764622,0.000000,-0.764622,0.536005,9,0
0.341543,0.000000,0.416270,2.815792,0.988486,0.000000,-0.988486,0.227039,17,0
0.352324,0.000000,0.404376,1.893203,1.087200,0.000000,-1.087200,1.008105,5,0
0.362116,0.000000,0.410671,-1.613794,0.759556,0.624688,-0.759556,0.800086,2,0
0.371773,0.000000,0.398937,-1.613794,0.759556,0.000000,-0.759556,0.457429,2,0
0.381528,0.000000,0.387539,-1.613794,0.759556,0.000000,-0.759556,0.211892,2,0
0.392302,0.000000,0.418923,-0.533738,0.274717,1.485988,-0.274717,0.986057,8,0
0.401973,0.000000,0.407649,-0.533738,0.274717,0.024329,-0.274717,0.657360,8,0
0.411681,0.000000,0.396493,-0.533738,0.274717,0.017186,-0.274717,0.364620,8,0
0.421391,0.000000,0.385165,2.510738,0.518514,0.000000,-0.518514,0.075182,29,0
0.432297,0.000000,0.396895,-1.875940,0.257460,0.795703,-0.257460,0.980549,8,0
0.442017,0.000000,0.385555,0.665752,0.301972,0.000000,-0.301972,0.700601,9,0
0.451773,0.000000,0.374539,0.665752,0.301972,0.000000,-0.301972,0.457136,9,0
0.461500,0.000000,0.363838,0.665752,0.301972,0.000000,-0.301972,0.183753,9,0
0.472356,0.000000,0.353442,1.587190,0.316583,0.000000,-0.316583,1.039663,9,0
0.482081,0.000000,0.343344,1.528083,0.448645,0.000000,-0.448645,0.765469,0,0
0.491779,0.000000,0.333534,1.528083,0.448645,0.000000,-0.448645,0.462650,0,0
0.501529,0.000000,0.324005,2.109031,0.629635,0.000000,-0.629635,0.213288,22,0
0.512335,0.000000,0.314747,2.109031,0.629635,0.000000,-0.629635,1.018926,22,0
0.522248,0.000000,0.317937,-1.363688,0.412357,0.426391,-0.412357,0.932346,22,0
0.531975,0.000000,0.308853,-1.363688,0.412357,0.000000,-0.412357,0.658815,22,0
0.541625,0.000000,0.300029,-1.363688,0.412357,0.000000,-0.412357,0.309492,22,0
0.552397,0.000000,0.293031,-0.318396,0.332704,0.055112,-0.332704,1.081314,28,0
0.562096,0.000000,0.284659,-0.318396,0.332704,0.000000,-0.332704,0.779527,28,0
0.571760,0.000000,0.276526,-0.318396,0.332704,0.000000,-0.332704,0.443795,28,0
0.581619,0.000000,0.296847,-1.936144,0.027667,0.987779,-0.027667,0.303427,1,0
0.592358,0.000000,0.290422,-1.936144,0.027667,0.071947,-0.027667,1.041796,1,0
0.602082,0.000000,0.310197,-2.101992,-0.204462,0.982564,0.204462,0.765702,20,0
0.611846,0.000000,0.309663,-2.101992,-0.204462,0.291495,0.204462,0.530020,20,0
0.621466,0.000000,0.300815,1.979254,0.033558,0.000000,-0.033558,0.149744,22,0
0.632441,0.000000,0.294379,1.979254,0.033558,0.075532,-0.033558,1.124818,22,0
0.642112,0.000000,0.285968,0.887501,0.126635,0.000000,-0.126635,0.795729,17,0
0.651916,0.000000,0.277797,1.009240,0.222836,0.000000,-0.222836,0.600165,14,0
0.661624,0.000000,0.269860,1.009240,0.222836,0.000000,-0.222836,0.308090,14,0
0.672359,0.000000,0.262150,1.009240,0.222836,0.000000,-0.222836,1.042776,14,0
0.682119,0.000000,0.266489,-1.028090,0.086490,0.414011,-0.086490,0.802745,26,0
0.691767,0.000000,0.258953,-1.028090,0.086490,0.002722,-0.086490,0.450784,26,0
0.701473,0.000000,0.251568,-1.028090,0.086490,0.000474,-0.086490,0.157058,26,0
0.712455,0.000000,0.244380,0.927930,0.484697,0.000000,-0.484697,1.138747,7,0
0.722206,0.000000,0.237398,0.927930,0.484697,0.000000,-0.484697,0.890367,7,0
0.731911,0.000000,0.295067,-2.600103,-0.190687,2.255838,0.190687,0.595184,0,0
0.741642,0.000000,0.293341,-2.600103,-0.190687,0.234644,0.190687,0.325955,0,0
0.751385,0.000000,0.284960,2.378324,0.089325,0.000000,-0.089325,0.068542,17,0
0.762228,0.000000,0.279169,-0.154384,0.062762,0.082276,-0.062762,0.912260,15,0
0.771949,0.000000,0.271220,-0.154384,0.062762,0.000954,-0.062762,0.632642,15,0
0.781649,0.000000,0.263471,0.985445,0.163330,0.000000,-0.163330,0.333289,18,0
0.791382,0.000000,0.271216,-1.315046,0.002193,0.534572,-0.002193,0.065889,12,0
0.802057,0.000000,0.264928,-1.315046,0.002193,0.051105,-0.002193,0.740634,12,0
0.811796,0.000000,0.258817,-1.315046,0.002193,0.051048,-0.002193,0.479812,12,0
0.821673,0.000000,0.252879,-1.315046,0.002193,0.050991,-0.002193,0.357050,12,0
0.831406,0.000000,0.245654,-1.364108,0.022070,0.000000,-0.022070,0.089763,2,0
0.842112,0.000000,0.239548,-1.364108,0.022070,0.031955,-0.022070,0.795624,2,0
0.851841,0.000000,0.243211,-0.763966,-0.063605,0.367739,0.063605,0.525269,27,0
0.861575,0.000000,0.239472,-0.763966,-0.063605,0.112369,0.063605,0.258929,27,0
0.872429,0.000000,0.235888,-0.763966,-0.063605,0.114023,0.063605,1.112621,27,0
0.882187,0.000000,0.229148,1.238785,0.078350,0.000000,-0.078350,0.870534,28,0
0.891882,0.000000,0.222601,2.545522,0.347261,0.000000,-0.347261,0.566424,3,0
0.901580,0.000000,0.216241,2.545522,0.347261,0.000000,-0.347261,0.263988,3,0
0.912412,0.000000,0.216479,-0.843279,0.217497,0.224573,-0.217497,1.095820,27,0
0.922136,0.000000,0.210294,-0.843279,0.217497,0.000000,-0.217497,0.819700,27,0
0.931942,0.000000,0.204286,1.236829,0.328600,0.000000,-0.328600,0.625802,12,0
0.941688,0.000000,0.198449,1.236829,0.328600,0.000000,-0.328600,0.371530,12,0
0.951409,0.000000,0.192779,2.942173,0.613468,0.000000,-0.613468,0.093020,27,0
0.962219,0.000000,0.187271,0.543886,0.605884,0.000000,-0.605884,0.903287,3,0
0.971871,0.000000,0.181920,0.543886,0.605884,0.000000,-0.605884,0.554700,3,0
0.982207,0.000000,0.181924,-1.222186,0.406632,0.182044,-0.406632,0.890883,27,0
0.991911,0.000000,0.176726,-0.473400,0.310713,0.000000,-0.310713,0.595442,8,0
1.001617,40.000000,3.028820,2.724193,0.573772,100.000000,39.426228,0.300754,7,0
1.012858,40.000000,3.990146,2.444914,0.777718,36.675255,39.222282,1.542271,10,0
1.021443,40.000000,4.970624,2.444914,0.777718,38.306874,39.222282,0.126580,10,0
1.032332,40.000000,5.952225,2.444914,0.777718,39.326653,39.222282,1.015885,10,0
1.041427,40.000000,6.871527,5.962452,1.342832,38.127797,38.657168,0.110633,26,0
1.052210,40.000000,7.841719,5.962452,1.342832,40.828224,38.657168,0.894435,26,0
1.061885,40.000000,8.739186,7.372544,2.000044,39.253093,37.999956,0.569255,16,0
1.071685,40.000000,9.622851,7.948154,2.648363,39.667433,37.351637,0.368740,12,0
1.082439,40.000000,10.486383,9.044577,3.345522,39.846481,36.654478,1.122761,8,0
1.092338,40.000000,11.240767,11.294485,4.874087,36.889831,35.125913,1.022265,6,0
1.101992,40.000000,12.130711,11.294485,4.874087,42.388799,35.125913,0.675858,6,0
1.111759,40.000000,12.839766,14.938628,6.492639,36.947638,33.507361,0.443346,2,0
1.121393,40.000000,13.692186,14.938628,6.492639,42.674485,33.507361,0.076722,2,0
1.132180,40.000000,14.545143,14.938628,6.492639,43.545677,33.507361,0.864429,2,0
1.142026,40.000000,15.347088,10.707601,6.952052,42.613214,33.047948,0.709677,30,0
1.151686,40.000000,16.088057,15.294060,7.861295,41.281011,32.138705,0.369720,4,0
1.161408,40.000000,16.806581,16.292753,8.780287,41.236381,31.219713,0.092396,8,0
1.172311,40.000000,17.606538,16.292753,8.780287,44.805071,31.219713,0.994525,8,0
1.181947,40.000000,18.406831,16.292753,8.780287,45.616784,31.219713,0.630989,8,0
1.191698,40.000000,19.100332,17.541612,9.735234,42.679376,30.264766,0.382332,30,0
1.201437,40.000000,19.768558,18.715610,10.714056,42.488244,29.285944,0.120609,15,0
1.212279,40.000000,20.523346,18.715610,10.714056,46.186145,29.285944,0.963347,15,0
1.221937,40.000000,21.151020,21.126441,11.848961,42.491943,28.151039,0.621421,21,0
1.231735,40.000000,21.756912,21.830662,12.936923,42.357245,27.063077,0.418528,4,0
1.241395,40.000000,22.351197,21.742152,13.896655,42.556864,26.103345,0.078929,17,0
1.252190,40.000000,22.898844,24.636842,15.067289,41.518838,24.932711,0.874399,7,0
1.261904,40.000000,23.435568,24.402710,16.084810,41.684205,23.915190,0.587579,11,0
1.271586,40.000000,23.991674,21.831913,16.711219,42.899278,23.288781,0.269999,7,0
1.282350,40.000000,24.602884,21.831913,16.711219,45.384014,23.288781,1.034393,7,0
1.292097,40.000000,25.083603,27.370915,17.873080,41.428057,22.126920,0.781128,14,0
1.301811,40.000000,25.666613,27.370915,17.873080,45.488940,22.126920,0.494615,14,0
1.311503,40.000000,26.139767,26.840327,18.850471,42.227002,21.149529,0.187373,19,0
1.322295,40.000000,26.698890,26.840327,18.850471,45.709063,21.149529,0.978598,19,0
1.332148,40.000000,27.040636,25.712025,20.786010,38.660026,19.213990,0.831564,2,0
1.341777,40.000000,27.552795,25.712025,20.786010,44.966206,19.213990,0.461149,2,0
1.351551,40.000000,27.885598,27.752098,22.381751,39.200890,17.618249,0.235330,5,0
1.362426,40.000000,28.303778,26.878647,22.871893,42.521889,17.128107,1.109574,10,0
1.372227,40.000000,28.764746,26.878647,22.871893,44.437647,17.128107,0.911106,10,0
1.381947,40.000000,29.225266,26.878647,22.871893,44.882977,17.128107,0.631217,10,0
1.391683,40.000000,29.607452,29.243555,23.566377,42.601765,16.433623,0.366736,21,0
1.402415,40.000000,30.050453,29.243555,23.566377,45.112491,16.433623,1.098552,21,0
1.412161,40.000000,30.422668,29.319375,24.193429,43.077959,15.806571,0.845383,25,0
1.421895,40.000000,30.799553,28.298060,24.640816,43.613644,15.359184,0.578838,7,0
1.431670,40.000000,31.215427,28.298060,24.640816,45.355144,15.359184,0.354326,7,0
1.441612,40.000000,31.630828,28.298060,24.640816,45.754483,15.359184,0.296109,7,0
1.451408,40.000000,31.948729,32.578013,25.505936,42.757359,14.494064,0.091857,29,0
1.462211,40.000000,32.342467,32.578013,25.505936,45.729566,14.494064,0.894659,29,0
1.471946,40.000000,32.636964,33.583564,26.386362,42.649857,13.613638,0.630240,21,0
1.481605,40.000000,33.008625,33.583564,26.386362,45.645091,13.613638,0.289174,21,0
1.491395,40.000000,33.379780,33.583564,26.386362,45.999046,13.613638,0.079493,21,0
1.502429,40.000000,33.611416,31.813273,27.625783,41.487034,12.374217,1.112962,4,0
1.512113,40.000000,33.886555,32.967293,28.207985,43.241303,11.792015,0.797330,6,0
1.521916,40.000000,34.212497,32.967293,28.207985,45.294500,11.792015,0.600151,6,0
1.531652,40.000000,34.537885,32.967293,28.207985,45.601092,11.792015,0.336449,6,0
1.541574,40.000000,34.710564,35.650129,29.564587,40.581663,10.435413,0.257705,7,0
1.552257,40.000000,35.002342,35.650129,29.564587,44.922791,10.435413,0.940597,7,0
1.562049,40.000000,35.221491,35.457262,30.206863,42.672536,9.793137,0.733320,20,0
1.571769,40.000000,35.496705,35.457262,30.206863,44.853986,9.793137,0.452640,20,0
1.581496,40.000000,35.674693,38.110990,31.068379,41.726297,8.931621,0.179605,16,0
1.592240,40.000000,35.928075,38.110990,31.068379,44.543066,8.931621,0.924278,16,0
1.602116,40.000000,36.129372,35.279094,31.527329,42.973452,8.472671,0.799950,16,0
1.611771,40.000000,36.370550,35.279094,31.527329,44.570590,8.472671,0.455407,16,0
1.621527,40.000000,36.611130,35.279094,31.527329,44.790880,8.472671,0.211369,16,0
1.631420,40.000000,36.794010,36.199397,32.036564,43.011912,7.963436,0.103754,29,0
1.642356,40.000000,37.021229,36.199397,32.036564,44.746667,7.963436,1.040320,29,0
1.652350,40.000000,37.180573,37.540994,32.636523,42.598277,7.363477,1.033915,27,0
1.662172,40.000000,37.317586,38.744219,33.302236,41.976018,6.697764,0.855695,5,0
1.671921,40.000000,37.431854,39.916379,34.023149,41.316992,5.976851,0.605073,10,0
1.681665,40.000000,37.609091,39.916379,34.023149,43.635129,5.976851,0.348760,10,0
1.692381,40.000000,37.785703,39.916379,34.023149,43.790527,5.976851,1.064904,10,0
1.702130,40.000000,37.936912,36.051411,34.244220,43.077998,5.755780,0.814138,26,0
1.711844,40.000000,38.107025,36.051411,34.244220,43.890863,5.755780,0.527647,26,0
1.721515,40.000000,38.276553,36.051411,34.244220,44.040514,5.755780,0.199212,26,0
1.732362,40.000000,38.390088,38.777538,34.738333,42.250280,5.261667,1.046303,27,0
1.742143,40.000000,38.546640,38.777538,34.738333,43.869419,5.261667,0.827212,27,0
1.751958,40.000000,38.647596,39.239537,35.228944,42.080081,4.771056,0.641655,27,0
1.761686,40.000000,38.791263,39.239537,35.228944,43.675964,4.771056,0.369909,27,0
1.771368,40.000000,38.885283,39.243840,35.666551,42.081969,4.333449,0.051895,19,0
1.782188,40.000000,39.017346,39.243840,35.666551,43.507457,4.333449,0.872019,19,0
1.791833,40.000000,39.045755,39.603491,36.585666,40.011679,3.414334,0.516782,0,0
1.801487,40.000000,39.154671,39.603491,36.585666,42.857799,3.414334,0.170943,0,0
1.812436,40.000000,39.263011,39.603491,36.585666,42.946571,3.414334,1.120255,0,0
1.822153,40.000000,39.320181,39.612677,37.036860,41.263958,2.963140,0.837240,0,0
1.831844,40.000000,39.416592,39.612677,37.036860,42.694580,2.963140,0.527713,0,0
1.841656,40.000000,39.513110,36.982882,37.030977,42.794720,2.969023,0.339904,15,0
1.852437,40.000000,39.608571,36.982882,37.030977,42.854265,2.969023,1.121207,15,0
1.862142,40.000000,39.653819,40.921679,37.473983,41.192217,2.526017,0.826129,5,0
1.871830,40.000000,39.737621,40.921679,37.473983,42.586912,2.526017,0.513510,5,0
1.881548,40.000000,39.820906,40.921679,37.473983,42.652588,2.526017,0.232026,5,0
1.892401,40.000000,39.893435,37.560050,37.565384,42.359423,2.434616,1.084524,5,0
1.902119,40.000000,39.973535,37.560050,37.565384,42.696927,2.434616,0.803202,5,0
1.911916,40.000000,40.053155,37.560050,37.565384,42.760227,2.434616,0.599589,5,0
1.921638,40.000000,40.078335,41.979907,38.046548,40.934478,1.953452,0.321696,23,0
1.931397,40.000000,40.145490,41.979907,38.046548,42.428759,1.953452,0.080993,23,0
1.942217,40.000000,40.176422,40.971052,38.365306,41.228104,1.634694,0.900880,22,0
1.951990,40.000000,40.235007,40.971052,38.365306,42.226881,1.634694,0.674230,22,0
1.961832,40.000000,40.291488,38.499724,38.379957,42.211863,1.620043,0.515862,20,0
1.971424,40.000000,40.348815,38.499724,38.379957,42.297937,1.620043,0.108036,20,0
1.982283,40.000000,40.378070,40.640539,38.626351,41.372717,1.373649,0.967311,15,0
1.992016,40.000000,40.428962,38.599041,38.623374,42.159299,1.376626,0.699599,11,0
2.001787,40.000000,40.479168,38.599041,38.623374,42.186161,1.376626,0.471112,11,0
2.011522,40.000000,40.526221,38.847547,38.647808,42.126026,1.352192,0.206282,18,0
2.021530,40.000000,40.575028,38.847547,38.647808,42.234485,1.352192,0.213859,18,0
2.032369,40.000000,40.623446,38.847547,38.647808,42.269642,1.352192,1.053022,18,0
2.042067,40.000000,40.625844,42.380793,39.054687,40.707391,0.945313,0.751092,30,0
2.051758,40.000000,40.663752,42.380793,39.054687,41.952607,0.945313,0.442010,30,0
2.061453,40.000000,40.701278,42.380793,39.054687,41.977185,0.945313,0.137032,30,0
2.073864,40.000000,40.724162,40.222089,39.181929,41.502212,0.818071,2.547660,28,0
2.084721,40.000000,40.738733,40.750166,39.352860,41.234132,0.647140,3.405003,19,0
2.092278,40.000000,40.768019,40.750166,39.352860,41.763751,0.647140,0.961969,19,0
2.102009,40.000000,40.744105,43.675087,39.823964,39.931022,0.176036,0.693042,19,0
2.111683,40.000000,40.761385,43.675087,39.823964,41.348911,0.176036,0.367309,19,0
2.121407,40.000000,40.801231,37.948574,39.619555,42.155999,0.380445,0.090950,17,0
2.132297,40.000000,40.809097,40.732172,39.740825,41.076555,0.259175,0.980786,7,0
2.142012,40.000000,40.827326,40.732172,39.740825,41.447104,0.259175,0.696333,7,0
2.151774,40.000000,40.858129,38.685541,39.625804,41.905417,0.374196,0.458140,22,0
2.161491,40.000000,40.878470,38.685541,39.625804,41.570082,0.374196,0.174542,22,0
2.172252,40.000000,40.898509,38.685541,39.625804,41.579811,0.374196,0.935832,22,0
2.181958,40.000000,40.890894,41.863453,39.869698,40.632012,0.130302,0.642316,30,0
2.191594,40.000000,40.904500,41.863453,39.869698,41.367082,0.130302,0.277555,30,0
2.202353,40.000000,40.917813,41.863453,39.869698,41.370470,0.130302,1.036787,30,0
2.212137,40.000000,40.921064,40.669548,39.956878,41.031588,0.043122,0.820536,29,0
2.221809,40.000000,40.931726,40.669548,39.956878,41.294250,0.043122,0.492804,29,0
2.231582,40.000000,40.912094,42.412408,40.224520,40.244608,-0.224520,0.265730,17,0
2.242421,40.000000,40.915797,42.412408,40.224520,41.041697,-0.224520,1.105138,17,0
2.251651,40.000000,40.919228,42.412408,40.224520,41.035859,-0.224520,0.335463,17,0
2.261410,40.000000,40.961823,37.889533,39.873010,42.410052,0.126990,0.093911,5,0
2.272143,40.000000,40.973166,37.889533,39.873010,41.358822,0.126990,0.827346,5,0
2.281841,40.000000,40.984279,37.889533,39.873010,41.362124,0.126990,0.525353,5,0
2.291574,40.000000,41.004226,39.132185,39.792263,41.682437,0.207737,0.258198,26,0
2.302300,40.000000,41.014562,39.978295,39.812540,41.365992,0.187460,0.983873,11,0
2.311948,40.000000,41.026480,39.978295,39.812540,41.431696,0.187460,0.631918,11,0
2.321644,40.000000,41.019121,41.372842,39.982606,40.768890,0.017394,0.327752,17,0
2.332394,40.000000,41.026561,41.372842,39.982606,41.279541,0.017394,1.078012,17,0
2.342135,40.000000,41.033802,41.372842,39.982606,41.279993,0.017394,0.818554,17,0
2.351765,40.000000,41.018575,41.804437,40.181178,40.500853,-0.181178,0.449200,28,0
2.361449,40.000000,41.020669,41.804437,40.181178,41.091857,-0.181178,0.132540,28,0
2.372284,40.000000,41.006657,41.482576,40.323025,40.530256,-0.323025,0.968396,17,0
2.381954,40.000000,41.016386,39.388783,40.221196,41.347176,-0.221196,0.638074,20,0
2.391697,40.000000,41.016945,39.388783,40.221196,41.035940,-0.221196,0.381071,20,0
2.401395,40.000000,41.017323,39.388783,40.221196,41.030189,-0.221196,0.079239,20,0
2.412174,40.000000,41.017526,39.388783,40.221196,41.024438,-0.221196,0.858057,20,0
2.421949,40.000000,41.006400,41.133944,40.320682,40.628106,-0.320682,0.632953,30,0
2.431670,40.000000,41.023445,38.720460,40.146265,41.602988,-0.146265,0.354130,9,0
2.441419,40.000000,41.024945,38.720460,40.146265,41.075933,-0.146265,0.102901,9,0
2.452226,40.000000,40.994217,42.769839,40.432223,39.949458,-0.432223,0.910176,27,0
2.461916,40.000000,40.955614,43.126614,40.725900,39.643119,-0.725900,0.600293,4,0
2.471677,40.000000,40.942747,43.126614,40.725900,40.505276,-0.725900,0.361412,4,0
2.482427,40.000000,40.960745,38.187409,40.449215,41.572667,-0.449215,1.110913,21,0
2.492156,40.000000,40.970857,39.085095,40.300532,41.314664,-0.300532,0.840418,9,0
2.501849,40.000000,40.967713,39.085095,40.300532,40.860800,-0.300532,0.533260,9,0
2.511716,40.000000,40.948833,41.576611,40.439619,40.306931,-0.439619,0.400018,25,0
2.521431,40.000000,40.942088,41.576611,40.439619,40.712762,-0.439619,0.114636,25,0
2.532244,40.000000,40.922777,41.456503,40.550455,40.266190,-0.550455,0.927774,18,0
2.542400,40.000000,40.913108,41.456503,40.550455,40.584386,-0.550455,1.083909,18,0
2.552124,40.000000,40.903307,41.456503,40.550455,40.570074,-0.550455,0.807637,18,0
2.561904,40.000000,40.876469,41.933403,40.701190,39.963975,-0.701190,0.588321,28,0
2.571618,40.000000,40.862797,41.933403,40.701190,40.397950,-0.701190,0.302029,28,0
2.582387,40.000000,40.752811,48.568260,41.558667,37.013266,-1.558667,1.070913,19,0
2.592051,40.000000,40.718307,48.568260,41.558667,39.545171,-1.558667,0.734616,19,0
2.601723,40.000000,40.683631,48.568260,41.558667,39.504645,-1.558667,0.407371,19,0
2.611391,40.000000,40.626943,43.345393,41.753412,38.699549,-1.753412,0.074757,24,0
2.622321,40.000000,40.576873,42.603348,41.846052,38.874495,-1.846052,1.004667,12,0
2.631714,40.000000,40.534803,42.603348,41.846052,39.104416,-1.846052,0.397732,12,0
2.641518,40.000000,40.492563,42.603348,41.846052,39.056418,-1.846052,0.202250,12,0
2.652299,40.000000,40.469762,42.010502,41.671296,39.694512,-1.671296,0.983286,0,0
2.662159,40.000000,40.442046,40.799807,41.576307,39.499716,-1.576307,0.842800,11,0
2.671980,40.000000,40.405809,40.799807,41.576307,39.173766,-1.576307,0.663814,11,0
2.681583,40.000000,40.358548,45.035127,41.673382,38.751668,-1.673382,0.266756,1,0
2.692436,40.000000,40.319715,45.035127,41.673382,38.999383,-1.673382,1.120215,1,0
2.702101,40.000000,40.280748,45.035127,41.673382,38.955875,-1.673382,0.784738,1,0
2.711824,40.000000,40.304337,36.546218,41.114543,41.106368,-1.114543,0.507961,30,0
2.722210,40.000000,40.322959,39.360473,40.718404,40.956117,-0.718404,0.894441,1,0
2.731868,40.000000,40.306561,39.360473,40.718404,39.749021,-0.718404,0.552358,1,0
2.741588,40.000000,40.237739,43.427322,41.185176,37.897795,-1.185176,0.272160,3,0
2.752398,40.000000,40.218453,40.494841,41.109933,39.562702,-1.109933,1.081550,8,0
2.762127,40.000000,40.221202,38.757719,40.853552,40.314666,-0.853552,0.810798,6,0
2.771858,40.000000,40.201262,38.757719,40.853552,39.523330,-0.853552,0.542074,6,0
2.781526,40.000000,40.181259,38.757719,40.853552,39.501138,-0.853552,0.210215,6,0
2.792332,40.000000,40.113602,44.959331,41.277817,37.813281,-1.277817,1.015826,1,0
2.802145,40.000000,40.083295,44.959331,41.277817,39.052853,-1.277817,0.828506,1,0
2.811899,40.000000,40.022433,43.770123,41.549467,37.953129,-1.549467,0.583476,21,0
2.821678,40.000000,39.985444,43.770123,41.549467,38.727795,-1.549467,0.361964,21,0
2.831404,40.000000,40.024083,40.358352,40.874404,41.337808,-0.874404,0.087573,1,0
2.842284,40.000000,40.003105,40.358352,40.874404,39.289883,-0.874404,0.968192,1,0
2.851917,40.000000,39.982078,40.358352,40.874404,39.267149,-0.874404,0.601319,1,0
2.861625,40.000000,39.982781,39.093081,40.680247,40.006673,-0.680247,0.309033,24,0
2.872336,40.000000,39.966316,39.093081,40.680247,39.406517,-0.680247,1.020478,24,0
2.882167,40.000000,39.990340,40.976291,40.318983,40.807153,-0.318983,0.851175,2,0
2.891964,40.000000,39.982475,40.976291,40.318983,39.715067,-0.318983,0.647769,2,0
2.901664,40.000000,39.957542,41.713985,40.471032,39.109828,-0.471032,0.348148,21,0
2.912441,40.000000,39.946005,41.713985,40.471032,39.553729,-0.471032,1.124899,21,0
2.922217,40.000000,39.949039,39.277511,40.340944,40.052211,-0.340944,0.900600,12,0
2.931973,40.000000,39.953147,39.313345,40.228940,40.092807,-0.228940,0.657132,13,0
2.941746,40.000000,39.905376,40.763110,40.603285,38.281165,-0.603285,0.429537,5,0
2.951464,40.000000,39.890609,40.763110,40.603285,39.388514,-0.603285,0.147961,5,0
2.962321,40.000000,39.875302,40.645201,40.607853,39.354892,-0.607853,1.005067,20,0
2.972032,40.000000,39.860374,40.645201,40.607853,39.352794,-0.607853,0.716492,20,0
2.981764,40.000000,39.814179,43.163076,40.886362,38.243567,-0.886362,0.448323,13,0
2.991384,40.000000,39.792518,43.163076,40.886362,39.056046,-0.886362,0.067784,13,0
3.002123,40.000000,39.821343,36.753778,40.435928,40.801403,-0.435928,0.807239,18,0
3.011836,40.000000,39.829767,38.852875,40.263382,40.116183,-0.263382,0.520016,17,0
3.021502,40.000000,39.822965,38.852875,40.263382,39.591698,-0.263382,0.186030,17,0
3.032267,40.000000,39.873699,33.340431,39.750448,41.598628,0.249552,0.950899,3,0
3.042057,40.000000,39.970299,37.273313,38.938320,43.254729,1.061680,0.741323,1,0
3.051747,40.000000,39.995318,37.273313,38.938320,40.845949,1.061680,0.430688,1,0
3.062152,40.000000,40.020410,37.273313,38.938320,40.873552,1.061680,0.835693,1,0
3.071952,40.000000,40.026947,40.281892,39.104381,40.249201,0.895619,0.636136,8,0
3.081634,40.000000,40.048197,40.281892,39.104381,40.770670,0.895619,0.318258,8,0
3.092420,40.000000,40.056534,40.165214,39.220007,40.340007,0.779993,1.104303,11,0
3.102151,40.000000,40.007482,44.752528,39.823028,38.339706,0.176972,0.834728,15,0
3.112028,40.000000,40.011650,44.752528,39.823028,40.153370,0.176972,0.711857,15,0
3.121767,40.000000,40.015831,44.752528,39.823028,40.157971,0.176972,0.450600,15,0
3.131477,40.000000,40.041666,38.052813,39.630082,40.920077,0.369918,0.160591,26,0
3.142270,40.000000,40.050500,38.052813,39.630082,40.350858,0.369918,0.954049,26,0
3.151945,40.000000,40.044519,39.645585,39.762356,39.841169,0.237644,0.629220,2,0
3.161628,40.000000,40.050224,39.645585,39.762356,40.244169,0.237644,0.312447,2,0
3.172387,40.000000,40.055941,39.645585,39.762356,40.250348,0.237644,1.070810,2,0
3.182154,40.000000,40.056594,40.177735,39.807631,40.078779,0.192369,0.838475,26,0
3.191874,40.000000,40.055432,40.283629,39.859512,40.015916,0.140488,0.557892,18,0
3.201653,40.000000,40.058854,40.283629,39.859512,40.175214,0.140488,0.337411,18,0
3.211396,40.000000,40.043655,41.383115,40.025579,39.526891,-0.025579,0.080483,20,0
3.222198,40.000000,40.043106,41.383115,40.025579,40.024425,-0.025579,0.882419,20,0
3.231917,40.000000,40.057380,38.812838,39.893395,40.542712,0.106605,0.600949,12,0
3.241630,40.000000,40.059996,38.812838,39.893395,40.148933,0.106605,0.313885,12,0
3.252413,40.000000,40.008953,44.282631,40.371803,38.273476,-0.371803,1.096743,25,0
3.262119,40.000000,40.000098,44.282631,40.371803,39.699032,-0.371803,0.802773,25,0
3.271869,40.000000,39.999476,39.696527,40.298201,39.978327,-0.298201,0.553371,16,0
3.281530,40.000000,39.992341,39.696527,40.298201,39.749768,-0.298201,0.214157,16,0
3.292269,40.000000,39.974543,41.168976,40.393111,39.369395,-0.393111,0.953421,25,0
3.301919,40.000000,39.965096,41.168976,40.393111,39.643906,-0.393111,0.603080,25,0
3.311643,40.000000,39.955627,41.168976,40.393111,39.633686,-0.393111,0.326748,25,0
3.321418,40.000000,39.963380,38.982762,40.239389,40.226977,-0.239389,0.102226,29,0
3.332164,40.000000,39.957557,38.982762,40.239389,39.759587,-0.239389,0.848226,29,0
3.342008,40.000000,39.950093,40.372754,40.253926,39.696294,-0.253926,0.691874,20,0
3.351837,40.000000,39.962025,38.771363,40.092333,40.367714,-0.092333,0.520893,9,0
3.361644,40.000000,39.959696,38.771363,40.092333,39.880535,-0.092333,0.328448,9,0
3.372168,40.000000,39.918643,41.863719,40.437544,38.522833,-0.437544,0.851636,3,0
3.381912,40.000000,39.908027,41.863719,40.437544,39.547092,-0.437544,0.595851,3,0
3.391563,40.000000,39.897390,41.863719,40.437544,39.535716,-0.437544,0.246546,3,0
3.402392,40.000000,39.857817,42.802491,40.695313,38.512339,-0.695313,1.076126,29,0
3.412152,40.000000,39.840953,42.802491,40.695313,39.267568,-0.695313,0.836449,29,0
3.421824,40.000000,39.824054,42.802491,40.695313,39.249489,-0.695313,0.507805,29,0
3.431573,40.000000,39.797897,41.449778,40.777547,38.908563,-0.777547,0.256536,27,0
3.441430,40.000000,39.778958,41.449778,40.777547,39.135047,-0.777547,0.113798,27,0
3.452154,40.000000,39.759983,41.449778,40.777547,39.114831,-0.777547,0.837897,27,0
3.461919,40.000000,39.738018,41.019241,40.803890,38.991189,-0.803890,0.602940,29,0
3.471594,40.000000,39.717881,40.841492,40.807989,39.033229,-0.807989,0.278355,8,0
3.482408,40.000000,39.698071,40.841492,40.807989,39.024516,-0.807989,1.092481,8,0
3.492106,40.000000,39.709160,38.277815,40.532211,40.086213,-0.532211,0.790278,17,0
3.501891,40.000000,39.695900,38.277815,40.532211,39.245042,-0.532211,0.575335,17,0
3.511916,40.000000,39.693359,39.654097,40.436500,39.606964,-0.436500,0.600186,25,0
3.522353,40.000000,39.688579,39.928014,40.381077,39.526073,-0.381077,1.036517,3,0
3.532165,40.000000,39.703733,38.350174,40.159718,40.218955,-0.159718,0.849346,11,0
3.541933,40.000000,39.699361,38.350174,40.159718,39.550723,-0.159718,0.616663,11,0
3.551694,40.000000,39.672212,42.023236,40.362833,38.749139,-0.362833,0.378167,26,0
3.561424,40.000000,39.662979,42.023236,40.362833,39.349052,-0.362833,0.108053,26,0
3.572314,40.000000,39.653740,42.023236,40.362833,39.339618,-0.362833,0.998401,26,0
3.582223,40.000000,39.658488,39.218377,40.238092,39.819917,-0.238092,0.907325,28,0
3.591929,40.000000,39.652231,39.218377,40.238092,39.439504,-0.238092,0.613437,28,0
3.601733,40.000000,39.645976,39.218377,40.238092,39.433314,-0.238092,0.416528,28,0
3.611491,40.000000,39.620095,41.843530,40.413078,38.740129,-0.413078,0.175460,21,0
3.622286,40.000000,39.609645,41.843530,40.413078,39.254346,-0.413078,0.969588,21,0
3.632109,40.000000,39.618984,38.793814,40.236585,39.936517,-0.236585,0.792788,23,0
3.641898,40.000000,39.613906,40.142230,40.226301,39.441264,-0.226301,0.582050,11,0
3.651583,40.000000,39.607924,40.142230,40.226301,39.404527,-0.226301,0.267274,11,0
3.662310,40.000000,39.601945,40.142230,40.226301,39.398643,-0.226301,0.994056,11,0
3.672258,40.000000,39.571679,42.212902,40.442832,38.542659,-0.442832,0.941843,27,0
3.681609,40.000000,39.560510,42.212902,40.442832,39.180738,-0.442832,0.292977,27,0
3.692410,40.000000,39.563672,40.208842,40.314974,39.671195,-0.314974,1.093973,0,0
3.702086,40.000000,39.555551,40.208842,40.314974,39.279432,-0.314974,0.769656,0,0
3.711761,40.000000,39.547428,40.208842,40.314974,39.271242,-0.314974,0.445146,0,0
3.721406,40.000000,39.551869,39.287142,40.202945,39.702880,-0.202945,0.089764,20,0
3.732145,40.000000,39.546431,39.287142,40.202945,39.361516,-0.202945,0.829376,20,0
3.741962,40.000000,39.502263,43.371066,40.548256,38.000546,-0.548256,0.646127,29,0
3.751721,40.000000,39.475288,41.632717,40.666458,38.558167,-0.666458,0.404512,2,0
3.761407,40.000000,39.497884,37.463254,40.317322,40.266149,-0.317322,0.090800,13,0
3.772182,40.000000,39.489673,37.463254,40.317322,39.210492,-0.317322,0.866324,13,0
3.781932,40.000000,39.521270,37.061296,39.962429,40.595551,0.037571,0.615549,17,0
3.791600,40.000000,39.521572,37.061296,39.962429,39.531850,0.037571,0.283571,17,0
3.802425,40.000000,39.508439,41.062929,40.082379,39.061904,-0.082379,1.108670,20,0
3.812071,40.000000,39.505901,41.062929,40.082379,39.419611,-0.082379,0.755061,20,0
3.821765,40.000000,39.494111,40.840013,40.164958,39.093265,-0.164958,0.448881,24,0
3.831431,40.000000,39.489614,40.840013,40.164958,39.336712,-0.164958,0.115338,24,0
3.842245,40.000000,39.485123,40.840013,40.164958,39.332423,-0.164958,0.929190,24,0
3.852011,40.000000,39.489249,39.460629,40.088189,39.629529,-0.088189,0.695410,24,0
3.861631,40.000000,39.486611,39.460629,40.088189,39.396930,-0.088189,0.315450,24,0
3.872417,40.000000,39.483983,39.460629,40.088189,39.394637,-0.088189,1.101491,24,0
3.882141,40.000000,39.565989,35.303948,39.333775,42.354174,0.666225,0.824770,1,0
3.891797,40.000000,39.581482,35.303948,39.333775,40.108253,0.666225,0.481154,1,0
3.901450,40.000000,39.550708,43.122345,39.746713,38.504381,0.253287,0.133700,22,0
3.912278,40.000000,39.556395,43.122345,39.746713,39.749780,0.253287,0.962037,22,0
3.922054,40.000000,39.562109,43.122345,39.746713,39.756366,0.253287,0.738223,22,0
3.931812,40.000000,39.590290,37.911114,39.546640,40.548435,0.453360,0.495956,27,0
3.941487,40.000000,39.600853,37.911114,39.546640,39.960005,0.453360,0.170590,27,0
3.952264,40.000000,39.611451,37.911114,39.546640,39.971793,0.453360,0.947807,27,0
3.962051,40.000000,39.612577,40.839134,39.631388,39.650863,0.368612,0.734996,4,0
3.971673,40.000000,39.621209,40.839134,39.631388,39.914688,0.368612,0.357455,4,0
3.982423,40.000000,39.629868,40.839134,39.631388,39.924272,0.368612,1.106702,4,0
3.992239,40.000000,39.603014,40.119801,39.948218,38.689980,0.051782,0.923375,3,0
4.001960,65.000000,41.328642,40.721232,39.900484,100.000000,25.099516,0.643553,2,0
4.011682,65.000000,41.945164,38.432473,40.048649,62.906913,24.951351,0.365831,2,0
4.021398,65.000000,42.575306,38.432473,40.048649,64.000141,24.951351,0.082093,2,0
4.032195,65.000000,43.205980,38.432473,40.048649,64.648876,24.951351,0.879457,2,0
4.041918,65.000000,43.832983,40.391052,40.085969,65.151091,24.914031,0.601799,27,0
4.051685,65.000000,44.463778,40.391052,40.085969,65.910817,24.914031,0.369277,27,0
4.061410,65.000000,45.057776,43.135323,40.418336,65.253712,24.581664,0.093784,25,0
4.072165,65.000000,45.681552,43.135323,40.418336,66.889934,24.581664,0.849335,25,0
4.082005,65.000000,46.208160,48.401775,41.288496,64.112808,23.711504,0.688960,21,0
4.091669,65.000000,46.744169,46.829975,41.892493,64.968495,23.107507,0.352503,2,0
4.102398,65.000000,47.333801,46.829975,41.892493,67.381282,23.107507,1.081786,2,0
4.112088,65.000000,47.821149,50.284513,42.807187,64.390989,22.192813,0.772016,21,0
4.121840,65.000000,48.335552,47.216501,43.287783,65.825263,21.712217,0.523772,13,0
4.131521,65.000000,48.892581,47.216501,43.287783,67.831569,21.712217,0.205040,13,0
4.142377,65.000000,49.381411,48.883456,43.897687,66.001603,21.102313,1.060891,12,0
4.152111,65.000000,49.849290,50.026848,44.565739,65.757204,20.434261,0.794541,14,0
4.161871,65.000000,50.376244,50.026848,44.565739,68.292650,20.434261,0.554526,14,0
4.171623,65.000000,50.852508,48.721782,45.018730,67.045500,19.981270,0.306963,23,0
4.182401,65.000000,51.368836,48.721782,45.018730,68.923985,19.981270,1.085021,23,0
4.192121,65.000000,51.885255,48.721782,45.018730,69.443498,19.981270,0.804879,23,0
4.201866,65.000000,52.305763,52.870628,45.874553,66.603050,19.125447,0.549910,23,0
4.211551,65.000000,52.721018,52.483509,46.594901,66.839695,18.405099,0.234638,12,0
4.222322,65.000000,53.108051,54.101306,47.413066,66.267152,17.586934,1.005732,11,0
4.231962,65.000000,53.567218,54.101306,47.413066,69.178910,17.586934,0.645529,11,0
4.241668,65.000000,53.891087,53.706524,48.618761,64.902614,16.381239,0.351988,6,0
4.252351,65.000000,54.321216,53.706524,48.618761,68.945609,16.381239,1.035152,6,0
4.262095,65.000000,54.751225,53.706524,48.618761,69.371522,16.381239,0.779266,6,0
4.271856,65.000000,55.082091,56.718233,49.501568,66.331532,15.498432,0.540485,28,0
4.281606,65.000000,55.490686,56.718233,49.501568,69.382913,15.498432,0.290133,28,0
4.292312,65.000000,55.899119,56.718233,49.501568,69.785872,15.498432,0.995618,28,0
4.302018,65.000000,56.226791,56.094472,50.220166,67.367616,14.779834,0.702470,30,0
4.311683,65.000000,56.617673,56.094472,50.220166,69.907686,14.779834,0.366729,30,0
4.321383,65.000000,57.008367,56.094472,50.220166,70.291961,14.779834,0.066765,30,0
4.332245,65.000000,57.334786,55.462348,50.791541,68.433018,14.208459,0.928697,21,0
4.341976,65.000000,57.711408,55.462348,50.791541,70.516564,14.208459,0.660197,21,0
4.351692,65.000000,58.087825,55.462348,50.791541,70.885983,14.208459,0.375760,21,0
4.361374,65.000000,58.235837,58.900278,52.825966,63.268254,12.174034,0.057619,6,0
4.372132,65.000000,58.563043,58.900278,52.825966,69.688051,12.174034,0.816106,6,0
4.381905,65.000000,58.767151,62.869408,53.920657,65.706816,11.079343,0.589316,21,0
4.391584,65.000000,59.067488,62.869408,53.920657,69.278955,11.079343,0.268117,21,0
4.402367,65.000000,59.367475,62.869408,53.920657,69.567018,11.079343,1.050554,21,0
4.412076,65.000000,59.619290,57.832780,54.347062,68.181017,10.652938,0.760308,21,0
4.421946,65.000000,59.846627,59.397426,54.897530,67.576069,10.102470,0.630019,18,0
4.431648,65.000000,60.037774,61.799245,55.649787,66.536776,9.350213,0.332354,3,0
4.441473,65.000000,60.294885,61.799245,55.649787,69.036653,9.350213,0.157323,3,0
4.452299,65.000000,60.515337,58.615441,55.973030,68.010704,9.026970,0.982835,19,0
4.462043,65.000000,60.763902,58.615441,55.973030,69.215136,9.026970,0.727229,19,0
4.471839,65.000000,60.968154,59.565117,56.364552,67.912722,8.635448,0.523165,20,0
4.481525,65.000000,61.125010,63.033355,57.091423,66.458115,7.908577,0.208971,14,0
4.492283,65.000000,61.283388,61.808522,57.645707,66.668232,7.354293,0.967156,2,0
4.501949,65.000000,61.399862,65.035730,58.451187,65.359978,6.548813,0.632512,8,0
4.511628,65.000000,61.536892,62.542557,58.897129,66.195922,6.102871,0.312138,9,0
4.522370,65.000000,61.662872,58.896426,59.341921,65.946170,5.658079,1.053803,5,0
4.532081,65.000000,61.754420,65.325789,59.994136,64.867056,5.005864,0.765406,2,0
4.541837,65.000000,61.902975,65.325789,59.994136,66.953856,5.005864,0.520787,2,0
4.551578,65.000000,62.051005,65.325789,59.994136,67.084008,5.005864,0.261953,2,0
4.562342,65.000000,62.175176,61.903782,60.202280,66.396990,4.797720,1.026337,28,0
4.572154,65.000000,62.317204,61.903782,60.202280,67.146161,4.797720,0.838269,28,0
4.581776,65.000000,62.439782,61.752761,60.371275,66.607424,4.628725,0.459526,24,0
4.591544,65.000000,62.576781,61.752761,60.371275,67.234758,4.628725,0.227947,24,0
4.602450,65.000000,62.713304,61.752761,60.371275,67.355105,4.628725,1.133881,24,0
4.612173,65.000000,62.862622,59.287035,60.253098,67.939417,4.746902,0.857298,25,0
4.621968,65.000000,62.936060,65.570367,60.832657,65.432954,4.167343,0.651774,12,0
4.631692,65.000000,63.060172,65.570367,60.832657,67.279983,4.167343,0.376224,12,0
4.641388,65.000000,63.183834,65.570367,60.832657,67.388333,4.167343,0.071893,12,0
4.651430,65.000000,63.239879,63.741280,61.431557,65.145402,3.568443,0.113666,1,0
4.661887,65.000000,63.348307,63.741280,61.431557,67.034882,3.568443,0.570888,1,0
4.671656,65.000000,63.431037,63.867086,61.656673,66.243859,3.343327,0.339552,1,0
4.682407,65.000000,63.504096,64.035734,61.915980,65.988091,3.084020,1.091234,16,0
4.692079,65.000000,63.599585,64.035734,61.915980,66.846197,3.084020,0.763132,16,0
4.701872,65.000000,63.694636,64.035734,61.915980,66.926382,3.084020,0.555783,16,0
4.711565,65.000000,63.767388,63.705123,62.110989,66.240962,2.889011,0.248762,30,0
4.722361,65.000000,63.856923,63.705123,62.110989,66.901103,2.889011,1.045437,30,0
4.731914,65.000000,63.923551,63.950885,62.311530,66.188894,2.688470,0.597724,18,0
4.741631,65.000000,64.007461,63.950885,62.311530,66.860416,2.688470,0.315197,18,0
4.752434,65.000000,64.090971,63.950885,62.311530,66.930317,2.688470,1.117920,18,0
4.762252,65.000000,64.178874,60.892724,62.268899,67.167586,2.731101,0.935858,6,0
4.771987,65.000000,64.203283,65.207752,62.798075,65.033157,2.201925,0.670968,6,0
4.781697,65.000000,64.180704,67.286024,63.629681,63.413047,1.370319,0.380857,1,0
4.791408,65.000000,64.231070,67.286024,63.629681,65.943495,1.370319,0.092010,1,0
4.802256,65.000000,64.265536,64.895698,63.767672,65.437374,1.232328,0.940215,11,0
4.812117,65.000000,64.323975,62.768563,63.658773,66.310921,1.341227,0.801001,15,0
4.821815,65.000000,64.372407,62.768563,63.658773,66.019097,1.341227,0.499205,15,0
4.831529,65.000000,64.408918,64.602130,63.761595,65.650290,1.238405,0.213250,16,0
4.842346,65.000000,64.408273,67.511444,64.170312,64.386330,0.829688,1.030477,9,0
4.852006,65.000000,64.443295,67.511444,64.170312,65.634054,0.829688,0.690236,9,0
4.861719,65.000000,64.383802,67.953977,65.009488,62.361023,-0.009488,0.402641,2,0
4.871437,65.000000,64.397930,67.953977,65.009488,64.878303,-0.009488,0.120646,2,0
4.882175,65.000000,64.411648,67.953977,65.009488,64.878056,-0.009488,0.859410,2,0
4.891891,65.000000,64.457227,62.370882,64.721891,66.006914,0.278109,0.575277,27,0
4.901583,65.000000,64.477059,62.370882,64.721891,65.151355,0.278109,0.267136,27,0
4.912417,65.000000,64.492274,65.767811,64.759848,65.009565,0.240152,1.101008,0,0
4.922175,65.000000,64.510486,65.767811,64.759848,65.129681,0.240152,0.859073,0,0
4.931812,65.000000,64.497938,67.247749,65.031019,64.071310,-0.031019,0.495943,19,0
4.941550,65.000000,64.508968,67.247749,65.031019,64.884015,-0.031019,0.234218,19,0
4.952365,65.000000,64.536647,63.641668,64.879586,65.477735,0.120414,1.048620,21,0
4.962073,65.000000,64.550645,63.641668,64.879586,65.026566,0.120414,0.756596,21,0
4.971764,65.000000,64.553514,66.667494,64.976028,64.651066,0.023972,0.447693,0,0
4.981412,65.000000,64.564586,66.667494,64.976028,64.941015,0.023972,0.096273,0,0
4.992233,65.000000,64.623394,61.047107,64.547792,66.622890,0.452208,0.917070,19,0
5.002326,65.000000,64.621562,66.395522,64.749187,64.559267,0.250813,1.009512,12,0
5.011678,65.000000,64.637231,66.395522,64.749187,65.169971,0.250813,0.361512,12,0
5.021399,65.000000,64.657359,64.363075,64.707102,65.341716,0.292898,0.083347,22,0
5.032126,65.000000,64.637395,67.662073,65.029181,63.958596,-0.029181,0.810426,10,0
5.041813,65.000000,64.645585,67.662073,65.029181,64.924074,-0.029181,0.497396,10,0
5.051476,65.000000,64.653521,67.662073,65.029181,64.923316,-0.029181,0.159850,10,0
5.062279,65.000000,64.663988,64.801710,65.004388,65.019896,-0.004388,0.963099,28,0
5.072050,65.000000,64.672029,64.801710,65.004388,64.945401,-0.004388,0.733561,28,0
5.081730,65.000000,64.659898,66.635124,65.182131,64.247468,-0.182131,0.414201,12,0
5.091456,65.000000,64.663215,66.635124,65.182131,64.775962,-0.182131,0.140473,12,0
5.102254,65.000000,64.664559,65.324616,65.197661,64.710255,-0.197661,0.937621,21,0
5.111997,65.000000,64.667048,65.324616,65.197661,64.751706,-0.197661,0.680918,21,0
5.121641,65.000000,64.669320,65.324616,65.197661,64.746567,-0.197661,0.324709,21,0
5.132392,65.000000,64.722066,64.558225,64.745805,66.515415,0.254195,1.076371,2,0
5.142146,65.000000,64.735205,64.709668,64.741866,65.181919,0.258134,0.830424,14,0
5.151845,65.000000,64.738046,65.541443,64.829017,64.834662,0.170983,0.529370,10,0
5.161793,65.000000,64.748404,65.541443,64.829017,65.100559,0.170983,0.477026,10,0
5.171502,65.000000,64.791475,62.139465,64.535867,66.255909,0.464133,0.185857,10,0
5.182301,65.000000,64.814962,62.588972,64.478559,65.613521,0.521441,0.984756,2,0
5.191949,65.000000,64.833254,62.588972,64.478559,65.455153,0.521441,0.632915,2,0
5.201686,65.000000,64.835148,65.808600,64.623528,64.899563,0.376472,0.370393,21,0
5.211431,65.000000,64.848639,64.709790,64.632930,65.307345,0.367070,0.115322,10,0
5.222250,65.000000,64.862824,64.709790,64.632930,65.345095,0.367070,0.933896,10,0
5.231988,65.000000,64.850710,66.773109,64.866200,64.438820,0.133800,0.672265,15,0
5.241722,65.000000,64.859035,66.773109,64.866200,65.142110,0.133800,0.406436,15,0
5.251516,65.000000,64.899459,63.798520,64.578818,66.273850,0.421182,0.199920,1,0
5.262375,65.000000,64.914407,63.798520,64.578818,65.422655,0.421182,1.058840,1,0
5.272114,65.000000,64.973824,62.046229,64.181367,66.993998,0.818633,0.798167,5,0
5.281791,65.000000,64.998084,62.046229,64.181367,65.822930,0.818633,0.474697,5,0
5.291408,65.000000,65.022259,62.046229,64.181367,65.844214,0.818633,0.092438,5,0
5.302212,65.000000,65.040754,64.639194,64.231268,65.669587,0.768732,0.896348,27,0
5.311873,65.000000,65.005630,68.970205,64.747792,63.811406,0.252208,0.556777,11,0
5.321595,65.000000,64.996658,66.034808,64.919960,64.691600,0.080040,0.278560,1,0
5.332372,65.000000,65.002759,66.034808,64.919960,65.210187,0.080040,1.056331,1,0
5.342197,65.000000,64.978276,67.412029,65.191585,64.145869,-0.191585,0.881206,21,0
5.351936,65.000000,64.982987,64.753620,65.143849,65.143175,-0.143849,0.619786,2,0
5.361657,65.000000,64.983366,64.753620,65.143849,64.996226,-0.143849,0.341175,2,0
5.371715,65.000000,64.990992,64.541426,65.078187,65.250273,-0.078187,0.398978,26,0
5.381429,65.000000,64.992713,64.541426,65.078187,65.051255,-0.078187,0.113264,26,0
5.392184,65.000000,64.994328,64.541426,65.078187,65.049222,-0.078187,0.867758,26,0
5.401987,65.000000,65.014871,63.521504,64.908516,65.713321,0.091484,0.671078,24,0
5.411688,65.000000,65.020351,63.521504,64.908516,65.206684,0.091484,0.371697,24,0
5.421390,65.000000,65.025743,63.521504,64.908516,65.209063,0.091484,0.073674,24,0
5.431925,65.000000,65.022438,64.475639,64.985276,64.910078,0.014724,0.608544,6,0
5.441770,65.000000,65.081651,60.418596,64.487528,67.094904,0.512472,0.454245,7,0
5.451438,65.000000,65.096889,60.418596,64.487528,65.614983,0.512472,0.122497,7,0
5.462279,65.000000,65.119943,63.843841,64.417369,65.903752,0.582631,0.962781,19,0
5.471961,65.000000,65.136756,63.843841,64.417369,65.708423,0.582631,0.644736,19,0
5.481824,65.000000,65.198330,60.752496,64.017914,67.291833,0.982086,0.507816,22,0
5.491582,65.000000,65.224635,60.752496,64.017914,66.119001,0.982086,0.265843,22,0
5.502412,65.000000,65.250918,60.752496,64.017914,66.144536,0.982086,1.095553,22,0
5.512120,65.000000,65.248006,66.404032,64.277990,65.149009,0.722010,0.804027,23,0
5.521934,65.000000,65.268006,66.404032,64.277990,65.948011,0.722010,0.617509,23,0
5.531590,65.000000,65.268256,65.890507,64.453747,65.276760,0.546253,0.274434,26,0
5.542364,65.000000,65.283970,65.890507,64.453747,65.818235,0.546253,1.047635,26,0
5.552164,65.000000,65.313264,63.339433,64.332292,66.309271,0.667708,0.847877,15,0
5.562059,65.000000,65.331807,63.339433,64.332292,65.962265,0.667708,0.743164,15,0
5.571677,65.000000,65.350316,63.339433,64.332292,65.979626,0.667708,0.360735,15,0
5.582437,65.000000,65.354403,65.509281,64.460579,65.493333,0.539421,1.120555,26,0
5.592166,65.000000,65.379128,65.761330,64.377137,66.219809,0.622863,0.850473,3,0
5.601815,65.000000,65.388778,65.005318,64.445606,65.716870,0.554394,0.499017,8,0
5.611503,65.000000,65.404433,65.005318,64.445606,65.936691,0.554394,0.187425,8,0
5.622423,65.000000,65.409498,65.308851,64.539696,65.581708,0.460304,1.107407,17,0
5.632302,65.000000,65.428001,64.116352,64.493553,66.057102,0.506447,0.986466,9,0
5.641912,65.000000,65.457418,63.264905,64.359636,66.457601,0.640364,0.595853,16,0
5.651671,65.000000,65.456234,65.893863,64.526860,65.415977,0.473140,0.355401,3,0
5.661533,65.000000,65.436140,67.277362,64.826653,64.752964,0.173347,0.216533,14,0
5.672270,65.000000,65.442446,67.277362,64.826653,65.656849,0.173347,0.954318,14,0
5.682094,65.000000,65.441367,65.426501,64.892034,65.404671,0.107966,0.778379,21,0
5.691748,65.000000,65.446003,65.426501,64.892034,65.603621,0.107966,0.431931,21,0
5.701379,65.000000,65.347477,70.194662,65.811248,61.997594,-0.811248,0.062675,2,0
5.712131,65.000000,65.329953,70.194662,65.811248,64.734143,-0.811248,0.814829,2,0
5.721786,65.000000,65.293404,67.359019,65.979948,64.050734,-0.979948,0.469779,17,0
5.731495,65.000000,65.271631,67.359019,65.979948,64.531356,-0.979948,0.179462,17,0
5.742331,65.000000,65.283776,63.197139,65.676634,65.696689,-0.676634,1.015373,23,0
5.752077,65.000000,65.278530,64.903098,65.592322,65.100163,-0.592322,0.761475,11,0
5.761865,65.000000,65.235474,68.069993,65.862377,63.771588,-0.862377,0.549422,8,0
5.771635,65.000000,65.216156,68.069993,65.862377,64.559333,-0.862377,0.318881,8,0
5.781394,65.000000,65.236674,62.596857,65.506450,65.934283,-0.506450,0.078496,18,0
5.792213,65.000000,65.225721,62.596857,65.506450,64.853332,-0.506450,0.896935,18,0
5.801942,65.000000,65.250007,64.309501,65.191742,66.075709,-0.191742,0.626489,3,0
5.811527,65.000000,65.246481,64.309501,65.191742,65.126599,-0.191742,0.210570,3,0
5.822514,65.000000,65.269772,64.061693,64.952300,66.061663,0.047700,1.197882,4,0
5.832148,65.000000,65.271909,64.061693,64.952300,65.344577,0.047700,0.832262,4,0
5.841862,65.000000,65.274021,64.061693,64.952300,65.345817,0.047700,0.546197,4,0
5.852069,65.000000,65.348692,60.268502,64.305216,67.887508,0.694784,0.752899,5,0
5.861781,65.000000,65.366281,60.268502,64.305216,65.964321,0.694784,0.464810,5,0
5.871439,65.000000,65.383884,60.268502,64.305216,65.982386,0.694784,0.123234,5,0
5.882423,65.000000,65.371571,66.753169,64.572032,64.952930,0.427968,1.106835,21,0
5.892156,65.000000,65.382798,66.753169,64.572032,65.764506,0.427968,0.839872,21,0
5.901842,65.000000,65.389952,64.904902,64.608314,65.633192,0.391686,0.526028,30,0
5.911583,65.000000,65.400302,64.904902,64.608314,65.752220,0.391686,0.266569,30,0
5.923839,65.000000,65.423157,63.585175,64.496796,66.200222,0.503204,2.522533,17,0
5.931395,65.000000,65.436174,63.585175,64.496796,65.878753,0.503204,0.078803,17,0
5.942273,65.000000,65.449193,63.585175,64.496796,65.891836,0.503204,0.957228,17,0
5.952045,65.000000,65.444767,65.923842,64.652338,65.294262,0.347662,0.728936,30,0
5.961893,65.000000,65.454057,65.923842,64.652338,65.769927,0.347662,0.577192,30,0
5.977045,65.000000,65.463340,65.923842,64.652338,65.778966,0.347662,5.728752,30,0
5.982215,65.000000,65.456011,66.010495,64.800371,65.206827,0.199629,0.899033,30,0
5.991895,65.000000,65.441464,66.457845,64.981029,64.946855,0.018971,0.579099,7,0
6.001590,65.000000,64.442831,66.457845,64.981029,65.489321,0.018971,0.273982,7,0
6.012323,65.000000,63.472745,66.457845,64.981029,65.489814,0.018971,1.007210,7,0
6.022053,65.000000,62.572734,61.517634,64.603534,66.972353,0.396466,0.736897,25,0
6.031664,65.000000,61.666375,61.517634,64.603534,65.850176,0.396466,0.347845,25,0
6.042443,65.000000,60.786207,61.517634,64.603534,65.860484,0.396466,1.126721,25,0
6.052426,65.000000,59.928188,64.872848,64.632888,65.755548,0.367112,1.110254,28,0
6.062223,65.000000,59.115390,63.167412,64.473157,66.480257,0.526843,0.907038,14,0
6.071939,65.000000,58.394223,57.790142,63.744737,68.874540,1.255263,0.622604,8,0
6.081667,65.000000,57.632157,57.790142,63.744737,66.721917,1.255263,0.350521,8,0
6.091394,65.000000,56.892797,57.790142,63.744737,66.754554,1.255263,0.078394,8,0
6.102249,65.000000,56.245314,58.033994,63.122291,69.230915,1.877709,0.932537,30,0
6.112012,65.000000,55.641612,56.804829,62.433715,70.115746,2.566285,0.696275,10,0
6.122093,65.000000,54.998045,56.804829,62.433715,68.116742,2.566285,0.776824,10,0
6.131447,65.000000,54.532704,49.516135,61.025755,73.711117,3.974245,0.131362,22,0
6.142222,65.000000,54.035963,55.052149,60.374657,72.146774,4.625343,0.906167,7,0
6.151949,65.000000,53.501042,55.052149,60.374657,70.313742,4.625343,0.632746,7,0
6.161724,65.000000,53.090992,51.692409,59.428330,74.149282,5.571670,0.407602,23,0
6.171469,65.000000,52.721019,50.812709,58.489264,75.141934,6.510736,0.153414,8,0
6.182334,65.000000,52.285962,50.812709,58.489264,72.494017,6.510736,1.017566,8,0
6.192044,65.000000,51.868171,50.812709,58.489264,72.663296,6.510736,0.727797,8,0
6.201792,65.000000,51.541558,52.403657,57.825960,75.436710,7.174040,0.475550,28,0
6.211487,65.000000,51.172751,52.403657,57.825960,73.633321,7.174040,0.170618,28,0
6.222352,65.000000,50.917094,49.869079,56.958694,77.224730,8.041306,1.036129,14,0
6.232091,65.000000,50.673084,51.011891,56.310518,77.376746,8.689482,0.774819,11,0
6.241910,65.000000,50.511804,52.193586,55.197386,80.028301,9.802614,0.594479,4,0
6.251578,65.000000,50.267003,52.193586,55.197386,76.943773,9.802614,0.262103,4,0
6.262351,65.000000,50.083804,51.326612,54.775489,78.855011,10.224511,1.034502,21,0
6.272074,65.000000,49.877271,51.326612,54.775489,77.855155,10.224511,0.757959,21,0
6.281718,65.000000,49.708871,52.760408,54.555854,78.983280,10.444146,0.401616,14,0
6.291437,65.000000,49.636762,46.168385,53.641656,82.185063,11.358344,0.120619,14,0
6.302173,65.000000,49.571006,47.571504,52.980035,82.335308,12.019965,0.857165,3,0
6.311973,65.000000,49.459348,47.571504,52.980035,80.662966,12.019965,0.656708,3,0
6.321755,65.000000,49.393778,50.201640,52.677202,82.164408,12.322798,0.438677,28,0
6.331456,65.000000,49.313279,50.201640,52.677202,81.576302,12.322798,0.140121,28,0
6.342223,65.000000,49.244234,50.201640,52.677202,81.896694,12.322798,0.907437,28,0
6.352012,65.000000,49.243056,48.036263,52.171360,84.203024,12.828640,0.695710,30,0
6.361692,65.000000,49.208085,48.036263,52.171360,83.019042,12.828640,0.375629,30,0
6.371438,65.000000,49.183642,48.036263,52.171360,83.352586,12.828640,0.121716,30,0
6.382247,65.000000,49.189231,52.343910,51.994806,84.379280,13.005194,0.931119,1,0
6.391995,65.000000,49.189189,52.343910,51.994806,84.187754,13.005194,0.679207,1,0
6.401718,65.000000,49.198809,52.343910,51.994806,84.525890,13.005194,0.401954,1,0
6.411447,65.000000,49.243745,49.874014,51.763649,85.771548,13.236351,0.131495,26,0
6.422377,65.000000,49.277415,49.874014,51.763649,85.422221,13.236351,1.060591,26,0
6.432150,65.000000,49.319957,49.874014,51.763649,85.766366,13.236351,0.834107,26,0
6.441932,65.000000,49.444374,48.683000,51.110552,88.674573,13.889448,0.616020,6,0
6.451597,65.000000,49.547748,48.806260,50.859394,88.062451,14.140606,0.280612,5,0
6.462409,65.000000,49.637145,48.806260,50.859394,87.676633,14.140606,1.092659,5,0
6.472376,65.000000,49.742349,50.216694,50.789342,88.319311,14.210658,1.059994,25,0
6.482135,65.000000,49.849100,50.216694,50.789342,88.478634,14.210658,0.818507,25,0
6.491845,65.000000,49.963358,50.216694,50.789342,88.848111,14.210658,0.529413,25,0
6.501543,65.000000,50.044257,54.114159,51.151733,87.794842,13.848267,0.226977,28,0
6.512380,65.000000,50.184342,49.503851,50.972121,89.947226,14.027879,1.064107,11,0
6.522072,65.000000,50.315450,49.503851,50.972121,89.773115,14.027879,0.756203,11,0
6.531709,65.000000,50.453233,49.503851,50.972121,90.137840,14.027879,0.393354,11,0
6.541545,65.000000,50.580672,52.348467,51.122137,89.913603,13.877863,0.228503,21,0
6.552382,65.000000,50.727638,52.348467,51.122137,90.724474,13.877863,1.065690,21,0
6.561965,65.000000,50.935374,46.651389,50.634845,92.998408,14.365155,0.649002,25,0
6.571942,65.000000,51.106078,46.651389,50.634845,91.910026,14.365155,0.625882,25,0
6.581692,65.000000,51.282577,46.651389,50.634845,92.283520,14.365155,0.375650,25,0
6.591758,65.000000,51.481434,49.266404,50.485690,93.242593,14.514310,0.442142,27,0
6.601706,65.000000,51.672607,49.266404,50.485690,93.172502,14.514310,0.389941,27,0
6.611473,65.000000,51.828875,53.775794,50.844297,92.141983,14.155703,0.156801,14,0
6.621418,65.000000,52.030521,50.141785,50.767727,93.886469,14.232273,0.102073,13,0
6.631414,65.000000,52.230414,50.141785,50.767727,94.026796,14.232273,0.098112,13,0
6.642233,65.000000,52.409292,52.884269,50.998421,93.491131,14.001579,0.916800,15,0
6.651983,65.000000,52.601342,51.971091,51.104438,94.131032,13.895562,0.667127,12,0
6.661902,65.000000,52.767191,54.386163,51.462131,93.406060,13.537869,0.585775,11,0
6.671483,65.000000,52.950724,52.958432,51.625222,94.190834,13.374778,0.167141,7,0
6.682299,65.000000,53.152927,52.958432,51.625222,95.027849,13.374778,0.983356,7,0
6.691994,65.000000,53.376766,50.195755,51.469416,95.987287,13.530584,0.677918,19,0
6.701763,65.000000,53.590906,50.195755,51.469416,95.871665,13.530584,0.446637,19,0
6.711485,65.000000,53.755074,55.878414,51.949978,94.336775,13.050022,0.168921,21,0
6.722277,65.000000,53.930911,54.773830,52.257765,94.909386,12.742235,0.960533,4,0
6.732048,65.000000,54.086616,56.425565,52.712038,94.380575,12.287962,0.732038,15,0
6.741755,65.000000,54.285938,56.425565,52.712038,96.062878,12.287962,0.438519,15,0
6.751427,65.000000,54.465003,54.649670,52.923231,95.553219,12.076769,0.110773,16,0
6.762235,65.000000,54.666025,54.649670,52.923231,96.500796,12.076769,0.918534,16,0
6.772038,65.000000,54.870276,54.649670,52.923231,96.814792,12.076769,0.721544,16,0
6.781774,65.000000,55.053926,52.687495,53.134838,96.298021,11.865162,0.458114,4,0
6.791555,65.000000,55.259280,52.687495,53.134838,97.241335,11.865162,0.238617,4,0
6.802360,65.000000,55.467582,52.687495,53.134838,97.549829,11.865162,1.044089,4,0
6.812053,65.000000,55.670203,53.833579,53.210997,97.559320,11.789003,0.736555,24,0
6.821734,65.000000,55.882320,53.833579,53.210997,98.094313,11.789003,0.418312,24,0
6.831431,65.000000,56.062725,56.025453,53.517761,97.196474,11.482239,0.115493,23,0
6.842220,65.000000,56.272798,56.025453,53.517761,98.415302,11.482239,0.903707,23,0
6.852032,65.000000,56.485400,56.025453,53.517761,98.713841,11.482239,0.716380,23,0
6.861770,65.000000,56.675853,55.530085,53.737095,98.151271,11.262905,0.454162,22,0
6.871458,65.000000,56.888032,55.530085,53.737095,99.102111,11.262905,0.141736,22,0
6.882239,65.000000,57.016963,58.546309,54.499784,96.400633,10.500216,0.922900,3,0
6.892119,65.000000,57.215384,58.546309,54.499784,98.961703,10.500216,0.803281,3,0
6.901812,65.000000,57.415936,58.546309,54.499784,99.234708,10.500216,0.496242,3,0
6.911610,65.000000,57.589504,56.876187,54.758801,98.490811,10.241199,0.293929,25,0
6.922371,65.000000,57.777247,55.631977,54.853974,99.160488,10.146026,1.055172,15,0
6.932127,65.000000,57.975320,55.631977,54.853974,99.709802,10.146026,0.811457,15,0
6.941855,65.000000,58.175271,55.631977,54.853974,99.973598,10.146026,0.538945,15,0
6.951668,65.000000,58.346890,57.320455,55.122809,99.181946,9.877191,0.352242,24,0
6.962456,65.000000,58.518081,57.241598,55.353748,99.338594,9.646252,1.139883,12,0
6.971590,65.000000,58.703279,57.241598,55.353748,100.000000,9.646252,0.274304,12,0
6.982406,65.000000,58.836198,60.442491,55.908399,98.355456,9.091601,1.089938,22,0
6.992112,65.000000,59.012307,60.442491,55.908399,100.000000,9.091601,0.796480,22,0
7.001912,65.000000,60.126348,61.723583,56.542229,98.003756,8.457771,0.596496,18,0
7.011610,65.000000,61.265596,61.723583,56.542229,100.000000,8.457771,0.293570,18,0
7.022422,65.000000,62.364314,58.001159,56.701246,99.720749,8.298754,1.106199,21,0
7.032132,65.000000,63.439620,58.001159,56.701246,100.000000,8.298754,0.815981,21,0
7.041846,65.000000,64.412928,64.001548,57.496947,97.505412,7.503053,0.529662,18,0
7.051621,65.000000,65.391142,60.855487,57.863014,98.650419,7.136986,0.305001,10,0
7.062452,65.000000,66.378086,60.855487,57.863014,99.934179,7.136986,1.136236,10,0
7.072090,65.000000,67.201444,69.370174,59.117245,95.195631,5.882755,0.774367,13,0
7.081813,65.000000,67.857674,72.488587,61.394830,90.169475,3.605170,0.496778,3,0
7.091475,65.000000,68.693054,72.488587,61.394830,97.095965,3.605170,0.159357,3,0
7.102251,65.000000,69.415339,68.911843,62.214152,93.973042,2.785848,0.935472,18,0
7.111943,65.000000,70.189285,68.911843,62.214152,96.503440,2.785848,0.627168,18,0
7.121670,65.000000,70.943187,68.911843,62.214152,96.575872,2.785848,0.353801,18,0
7.131387,65.000000,71.553149,72.394720,63.323790,92.291865,1.676210,0.071226,28,0
7.142218,65.000000,72.242041,72.394720,63.323790,95.664361,1.676210,0.901957,28,0
7.151847,65.000000,72.798156,72.675763,64.343115,91.706073,0.656885,0.530835,21,0
7.161646,65.000000,73.426241,72.675763,64.343115,94.781126,0.656885,0.330132,21,0
7.171424,65.000000,73.915006,74.310474,65.429514,90.533002,-0.429514,0.108038,20,0
7.182233,65.000000,74.212521,76.605846,67.837307,84.328035,-2.837307,0.916952,2,0
7.191908,65.000000,74.623369,74.580288,68.572263,88.592209,-3.572263,0.592268,13,0
7.201630,65.000000,75.082821,74.580288,68.572263,90.704198,-3.572263,0.314258,13,0
7.212350,65.000000,75.526493,74.580288,68.572263,90.611319,-3.572263,1.034455,13,0
7.222141,65.000000,75.867363,75.726684,69.352064,87.456942,-4.352064,0.825339,26,0
7.231998,65.000000,76.262101,75.726684,69.352064,89.683191,-4.352064,0.682152,26,0
7.242199,65.000000,76.642327,75.726684,69.352064,89.570037,-4.352064,0.883354,26,0
7.251926,65.000000,76.943524,74.663118,69.930946,87.184193,-4.930946,0.610348,28,0
7.261698,65.000000,77.199408,76.691950,70.667866,85.899485,-5.667866,0.382071,7,0
7.271439,65.000000,77.506936,76.691950,70.667866,87.962882,-5.667866,0.122947,7,0
7.282915,65.000000,77.801467,76.691950,70.667866,87.815517,-5.667866,1.598693,7,0
7.291895,65.000000,77.934078,82.878849,71.998810,82.442865,-6.998810,0.578878,30,0
7.301647,65.000000,78.086405,78.981984,72.759946,83.265510,-7.759946,0.330764,18,0
7.311382,65.000000,78.293855,78.981984,72.759946,85.347159,-7.759946,0.066184,18,0
7.322392,65.000000,78.375551,77.440093,73.776801,81.153229,-8.776801,1.075670,6,0
7.332156,65.000000,78.535553,77.440093,73.776801,83.975596,-8.776801,0.840149,6,0
7.341953,65.000000,78.684463,77.440093,73.776801,83.747399,-8.776801,0.637129,6,0
7.351665,65.000000,78.741756,80.388956,74.497497,80.689749,-9.497497,0.349084,24,0
7.361386,65.000000,78.852132,80.388956,74.497497,82.604903,-9.497497,0.069855,24,0
7.372249,65.000000,78.952299,80.388956,74.497497,82.357968,-9.497497,0.933173,24,0
7.381884,65.000000,79.044831,74.310824,74.477151,82.190913,-9.477151,0.567577,26,0
7.391584,65.000000,79.125935,74.310824,74.477151,81.883468,-9.477151,0.267711,26,0
7.402356,65.000000,79.172387,76.546013,74.702648,80.751760,-9.702648,1.039895,28,0
7.412086,65.000000,79.229632,76.546013,74.702648,81.175983,-9.702648,0.769865,28,0
7.421808,65.000000,79.254355,76.639475,74.913753,80.094913,-9.913753,0.491836,14,0
7.431407,65.000000,79.289101,76.639475,74.913753,80.470472,-9.913753,0.090724,14,0
7.442302,65.000000,79.253449,78.767630,75.466840,78.041297,-10.466840,0.986276,1,0
7.452045,65.000000,79.258448,78.767630,75.466840,79.428419,-10.466840,0.728528,1,0
7.461750,65.000000,79.215181,78.766962,75.826539,77.744102,-10.826539,0.434071,14,0
7.471454,65.000000,79.161178,78.669734,76.136435,77.325058,-11.136435,0.137888,17,0
7.482256,65.000000,79.127007,78.669734,76.136435,77.965198,-11.136435,0.940488,17,0
7.491939,65.000000,79.029306,80.735885,76.637755,75.707468,-11.637755,0.622727,15,0
7.501604,65.000000,78.943326,78.714878,76.864153,76.020011,-11.864153,0.288189,9,0
7.512398,65.000000,78.799763,82.641238,77.493830,73.918622,-12.493830,1.082278,11,0
7.522172,65.000000,78.675128,76.765379,77.760073,74.437546,-12.760073,0.855982,0,0
7.531779,65.000000,78.567396,76.765379,77.760073,74.904512,-12.760073,0.463097,0,0
7.541501,65.000000,78.453264,76.765379,77.760073,74.572750,-12.760073,0.185161,0,0
7.552298,65.000000,78.311804,79.486602,77.948257,73.502177,-12.948257,0.981672,30,0
7.562074,65.000000,78.180897,79.486602,77.948257,73.730075,-12.948257,0.757600,30,0
7.572239,65.000000,78.044112,79.486602,77.948257,73.393420,-12.948257,0.922657,30,0
7.581922,65.000000,77.907020,77.506335,77.900089,73.245871,-12.900089,0.606373,29,0
7.591588,65.000000,77.760133,77.506335,77.900089,72.765966,-12.900089,0.271968,29,0
7.602370,65.000000,77.636627,75.547081,77.643621,73.437456,-12.643621,1.053698,26,0
7.612089,65.000000,77.485344,77.638026,77.643012,72.341713,-12.643012,0.773011,2,0
7.621847,65.000000,77.326997,77.801856,77.660325,71.943193,-12.660325,0.531185,9,0
7.631527,65.000000,77.165253,77.801856,77.660325,71.665965,-12.660325,0.210569,9,0
7.642352,65.000000,77.004438,77.193112,77.609401,71.536725,-12.609401,1.036383,18,0
7.652220,65.000000,76.851806,76.774750,77.454990,71.662323,-12.454990,0.904117,6,0
7.662075,65.000000,76.681048,76.774750,77.454990,70.875262,-12.454990,0.758582,6,0
7.671679,65.000000,76.521232,76.615541,77.318445,71.087509,-12.318445,0.363092,5,0
7.681418,65.000000,76.345129,76.615541,77.318445,70.357594,-12.318445,0.102063,5,0
7.692220,65.000000,76.164905,76.615541,77.318445,70.037314,-12.318445,0.904367,5,0
7.701445,65.000000,76.008072,75.078056,77.074252,70.675735,-12.074252,0.128503,25,0
7.711626,65.000000,75.825819,75.078056,77.074252,69.629226,-12.074252,0.309917,25,0
7.722425,65.000000,75.621114,78.602983,77.240877,68.661126,-12.240877,1.108887,17,0
7.732200,65.000000,75.512277,70.302411,76.484614,71.811826,-11.484614,0.883581,16,0
7.741908,65.000000,75.333196,70.302411,76.484614,69.244438,-11.484614,0.592304,16,0
7.751614,65.000000,75.134307,77.825366,76.630751,68.372107,-11.630751,0.297946,13,0
7.761519,65.000000,74.944988,77.825366,76.630751,68.508116,-11.630751,0.202686,13,0
7.772413,65.000000,74.829498,75.524672,75.943762,70.902835,-10.943762,1.097298,4,0
7.782208,65.000000,74.670147,74.319855,75.766763,69.252228,-10.766763,0.891543,2,0
7.791856,65.000000,74.492180,74.319855,75.766763,68.441295,-10.766763,0.540201,2,0
7.801500,65.000000,74.311299,74.319855,75.766763,68.161360,-10.766763,0.184055,2,0
7.812257,65.000000,74.179800,71.496276,75.301298,69.708838,-10.301298,0.941112,29,0
7.821890,65.000000,74.004509,71.496276,75.301298,68.044610,-10.301298,0.573574,29,0
7.831602,65.000000,73.826574,71.496276,75.301298,67.776777,-10.301298,0.286308,29,0
7.842370,65.000000,73.683120,72.270941,74.971002,68.805684,-9.971002,1.054221,27,0
7.852196,65.000000,73.532642,72.959338,74.751740,68.416376,-9.751740,0.879807,19,0
7.861858,65.000000,73.360424,72.959338,74.751740,67.505043,-9.751740,0.542185,19,0
7.872007,65.000000,73.185884,72.959338,74.751740,67.251498,-9.751740,0.691265,19,0
7.881755,65.000000,73.029932,73.046704,74.565898,67.727566,-9.565898,0.439388,30,0
7.891800,65.000000,72.851300,74.901289,74.602454,66.777809,-9.602454,0.483631,4,0
7.901397,65.000000,72.703780,71.442359,74.334929,67.688118,-9.334929,0.080998,0,0
7.912304,65.000000,72.568362,71.247150,73.998374,67.964147,-8.998374,0.988411,6,0
7.921959,65.000000,72.401281,71.247150,73.998374,66.720526,-8.998374,0.642858,6,0
7.931678,65.000000,72.264641,71.352241,73.709957,67.618894,-8.709957,0.362358,20,0
7.942443,65.000000,72.100714,71.352241,73.709957,66.527183,-8.709957,1.127275,20,0
7.952193,65.000000,71.935000,71.352241,73.709957,66.300724,-8.709957,0.877072,20,0
7.961912,65.000000,71.777285,72.913749,73.623174,66.414976,-8.623174,0.596214,27,0
7.971597,65.000000,71.610232,72.913749,73.623174,65.930424,-8.623174,0.280846,27,0
7.982368,65.000000,71.474732,70.908869,73.327326,66.867719,-8.327326,1.052212,20,0
7.992027,65.000000,71.311558,70.908869,73.327326,65.763666,-8.327326,0.711129,20,0
8.001863,65.000000,71.177111,70.853126,73.057649,66.605908,-8.057649,0.547255,24,0
8.011576,65.000000,71.023012,72.599031,73.007662,65.783628,-8.007662,0.259891,7,0
8.022356,65.000000,70.863082,72.599031,73.007662,65.425467,-8.007662,1.040354,7,0
8.032073,65.000000,70.701773,72.599031,73.007662,65.217268,-8.007662,0.756511,7,0
8.041833,65.000000,70.556453,71.590299,72.853176,65.615582,-7.853176,0.516614,25,0
8.051529,65.000000,70.396210,71.590299,72.853176,64.947940,-7.853176,0.212597,25,0
8.062387,65.000000,70.224492,73.689004,72.944277,64.386092,-7.944277,1.071487,25,0
8.072113,65.000000,70.225869,66.884934,71.461892,70.272689,-6.461892,0.797359,0,0
8.081869,65.000000,70.095345,66.884934,71.461892,65.657525,-6.461892,0.553185,0,0
8.091515,65.000000,69.963750,66.884934,71.461892,65.489516,-6.461892,0.198664,0,0
8.102250,65.000000,69.806280,73.493124,71.683288,64.452308,-6.683288,0.934450,21,0
8.111902,65.000000,69.667322,73.493124,71.683288,64.942729,-6.683288,0.586404,21,0
8.121565,65.000000,69.527369,73.493124,71.683288,64.768964,-6.683288,0.249110,21,0
8.132370,65.000000,69.422032,71.625387,71.366074,65.840579,-6.366074,1.054215,10,0
8.142145,65.000000,69.346932,65.915818,70.838786,66.793554,-5.838786,0.829467,1,0
8.151819,65.000000,69.273994,66.786074,70.397058,66.794105,-5.397058,0.502776,8,0
8.161492,65.000000,69.161269,66.786074,70.397058,65.328597,-5.397058,0.175645,8,0
8.172247,65.000000,69.047755,66.786074,70.397058,65.188274,-5.397058,0.930842,8,0
8.182039,65.000000,68.907062,72.557343,70.632520,64.123528,-5.632520,0.722981,23,0
8.191703,65.000000,68.850361,65.400124,70.062211,66.922499,-5.062211,0.387185,17,0
8.201444,65.000000,68.770776,67.760516,69.811336,66.064890,-4.811336,0.128404,6,0
8.212287,65.000000,68.668387,67.760516,69.811336,65.187171,-4.811336,0.971197,6,0
8.221992,65.000000,68.565350,67.760516,69.811336,65.062076,-4.811336,0.675877,6,0
8.231671,65.000000,68.492601,69.363622,69.535692,66.019160,-4.535692,0.355198,3,0
8.242394,65.000000,68.394936,69.363622,69.535692,65.074300,-4.535692,1.077583,3,0
8.252182,65.000000,68.296691,69.363622,69.535692,64.956372,-4.535692,0.866366,3,0
8.261948,65.000000,68.189269,70.240336,69.612495,64.536915,-4.612495,0.631911,26,0
8.271630,65.000000,68.088072,70.240336,69.612495,64.647399,-4.612495,0.313710,26,0
8.281383,65.000000,68.005736,68.026156,69.439591,65.206296,-4.439591,0.066777,14,0
8.292109,65.000000,67.907634,68.026156,69.439591,64.572154,-4.439591,0.792970,14,0
8.301831,65.000000,67.836657,67.180409,69.193350,65.423467,-4.193350,0.514979,24,0
8.311487,65.000000,67.743488,67.180409,69.193350,64.575717,-4.193350,0.171069,24,0
8.322261,65.000000,67.631925,72.053967,69.353280,63.838805,-4.353280,0.945251,8,0
8.331962,65.000000,67.534025,72.053967,69.353280,64.205409,-4.353280,0.646024,8,0
8.341626,65.000000,67.458924,67.875756,69.146132,64.905489,-4.146132,0.309687,7,0
8.352408,65.000000,67.365133,67.875756,69.146132,64.176244,-4.146132,1.092415,7,0
8.362196,65.000000,67.297216,66.997166,68.911904,64.988024,-3.911904,0.879965,13,0
8.371884,65.000000,67.208256,66.997166,68.911904,64.183630,-3.911904,0.568385,13,0
8.382900,65.000000,67.118932,66.997166,68.911904,64.081921,-3.911904,1.583670,13,0
8.392360,65.000000,67.082681,64.542037,68.435607,65.850152,-3.435607,1.043596,30,0
8.402083,65.000000,67.004089,64.542037,68.435607,64.331936,-3.435607,0.766651,30,0
8.411848,65.000000,66.940226,67.205723,68.301555,64.768899,-3.301555,0.532370,21,0
8.421549,65.000000,66.876100,67.331917,68.195869,64.695827,-3.195869,0.233071,8,0
8.431624,65.000000,66.842433,64.919355,67.838743,65.697751,-2.838743,0.308480,15,0
8.441395,65.000000,66.740148,70.853581,68.167347,63.262466,-3.167347,0.078876,8,0
8.452316,65.000000,66.666599,70.853581,68.167347,64.165928,-3.167347,0.999963,8,0
8.462064,65.000000,66.593600,68.101782,68.160201,64.111633,-3.160201,0.748342,15,0
8.471762,65.000000,66.519727,68.101782,68.160201,64.008029,-3.160201,0.446142,15,0
8.481640,65.000000,66.459413,67.031786,68.037209,64.408732,-3.037209,0.324274,25,0
8.491439,65.000000,66.383285,68.424795,68.079454,63.794933,-3.079454,0.123459,7,0
8.502204,50.000000,64.628094,68.424795,68.079454,4.951602,-18.079454,0.888174,7,0
8.511907,50.000000,64.262076,62.620578,67.484460,51.817482,-17.484460,0.590578,18,0
8.521679,50.000000,63.842528,62.620578,67.484460,49.577905,-17.484460,0.363102,18,0
8.531421,50.000000,63.454028,64.863121,67.198745,50.245024,-17.198745,0.105000,17,0
8.542205,50.000000,63.039362,64.863121,67.198745,48.940713,-17.198745,0.889449,17,0
8.551929,50.000000,62.623767,64.863121,67.198745,48.493546,-17.198745,0.612885,17,0
8.561614,50.000000,62.308219,58.942019,66.298798,51.579572,-16.298798,0.298484,28,0
8.571472,50.000000,61.912440,58.942019,66.298798,48.455961,-16.298798,0.156220,28,0
8.582306,50.000000,61.600779,59.353286,65.541767,51.004295,-15.541767,0.990285,23,0
8.591982,50.000000,61.278282,60.904753,65.036353,50.313374,-15.036353,0.665744,16,0
8.601802,50.000000,60.951599,61.675398,64.670023,49.844395,-14.670023,0.485682,2,0
8.611828,50.000000,60.591953,61.675398,64.670023,48.363986,-14.670023,0.511781,2,0
8.621668,50.000000,60.296497,59.368917,64.092226,50.250999,-14.092226,0.351687,18,0
8.631403,50.000000,59.949489,59.368917,64.092226,48.151208,-14.092226,0.086624,18,0
8.642243,50.000000,59.686973,57.136167,63.334045,50.761426,-13.334045,0.926949,25,0
8.651966,50.000000,59.368857,62.369597,63.228924,48.552904,-13.228924,0.649780,8,0
8.661773,50.000000,59.040992,62.369597,63.228924,47.893590,-13.228924,0.456979,8,0
8.671468,50.000000,58.785480,57.273436,62.579802,50.098093,-12.579802,0.151643,22,0
8.682205,50.000000,58.541891,56.886682,61.959277,50.259833,-11.959277,0.889071,9,0
8.691854,50.000000,58.243188,56.886682,61.959277,48.087316,-11.959277,0.538138,9,0
8.701581,50.000000,57.925202,63.507953,62.128076,47.113670,-12.128076,0.264685,12,0
8.713870,50.000000,57.621760,63.507953,62.128076,47.304737,-12.128076,2.553716,12,0
8.721623,50.000000,57.370743,57.812402,61.657686,48.836157,-11.657686,0.306744,20,0
8.731395,50.000000,57.125954,57.728817,61.229456,48.803118,-11.229456,0.078622,14,0
8.742233,50.000000,56.907357,55.974678,60.656708,49.475072,-10.656708,0.916757,6,0
8.751916,50.000000,56.637997,55.974678,60.656708,47.479753,-10.656708,0.600178,6,0
8.761595,50.000000,56.414567,56.882017,60.245283,48.817933,-10.245283,0.279024,26,0
8.772394,50.000000,56.154644,56.882017,60.245283,47.317281,-10.245283,1.078165,26,0
8.782231,50.000000,55.985864,52.775530,59.431112,50.247338,-9.431112,0.914535,15,0
8.791856,50.000000,55.745114,52.775530,59.431112,47.559617,-9.431112,0.539738,15,0
8.801619,50.000000,55.525165,57.719358,59.244538,48.046896,-9.244538,0.303158,19,0
8.812429,50.000000,55.288641,57.719358,59.244538,47.246817,-9.244538,1.113097,19,0
8.822169,50.000000,55.101228,55.218664,58.805735,48.729199,-8.805735,0.853039,23,0
8.831857,50.000000,54.875017,55.218664,58.805735,47.183842,-8.805735,0.541482,23,0
8.841537,50.000000,54.648728,55.218664,58.805735,46.954892,-8.805735,0.221250,23,0
8.852303,50.000000,54.427120,58.416618,58.763323,46.892453,-8.763323,0.987178,21,0
8.861972,50.000000,54.201699,58.416618,58.763323,46.537370,-8.763323,0.655789,21,0
8.871718,50.000000,54.125405,53.400936,57.433238,51.531438,-7.433238,0.401910,2,0
8.881405,50.000000,53.931763,53.400936,57.433238,47.347919,-7.433238,0.089214,2,0
8.892245,50.000000,53.765477,55.196578,57.189452,48.111759,-7.189452,0.928940,25,0
8.902174,50.000000,53.577706,55.196578,57.189452,47.193475,-7.189452,0.858291,25,0
8.911493,50.000000,53.389958,55.196578,57.189452,47.006549,-7.189452,0.176809,25,0
8.922311,50.000000,53.224907,55.335067,56.987332,47.613146,-6.987332,0.995128,29,0
8.931949,50.000000,53.131162,49.699173,56.192954,49.943843,-6.192954,0.633086,8,0
8.941651,50.000000,52.976863,55.419432,56.108644,47.730696,-6.108644,0.334682,9,0
8.951417,50.000000,52.855318,52.827996,55.751067,48.722785,-5.751067,0.100910,2,0
8.962263,50.000000,52.722551,54.096662,55.570744,48.208476,-5.570744,0.946899,16,0
8.971997,50.000000,52.582774,54.851688,55.492370,47.830364,-5.492370,0.681157,5,0
8.981685,50.000000,52.436193,54.851688,55.492370,47.452440,-5.492370,0.369019,5,0
8.992414,50.000000,52.324161,52.675404,55.185333,48.515066,-5.185333,1.097790,23,0
9.002070,50.000000,52.185160,52.675404,55.185333,47.459136,-5.185333,0.754043,23,0
9.011820,50.000000,52.069271,53.304741,54.980357,48.129055,-4.980357,0.503964,22,0
9.021533,50.000000,51.935425,53.304741,54.980357,47.384636,-4.980357,0.216698,22,0
9.032328,50.000000,51.801703,53.304741,54.980357,47.255147,-4.980357,1.011978,22,0
9.042042,50.000000,51.680536,53.963264,54.869498,47.560889,-4.869498,0.725571,22,0
9.051723,50.000000,51.549713,53.963264,54.869498,47.101706,-4.869498,0.406640,22,0
9.061444,50.000000,51.470693,50.642224,54.408743,48.784022,-4.408743,0.128442,21,0
9.072226,50.000000,51.351163,50.642224,54.408743,47.287131,-4.408743,0.909774,21,0
9.081906,50.000000,51.231772,50.642224,54.408743,47.172503,-4.408743,0.590322,21,0
9.091662,50.000000,51.135884,52.497656,54.200443,47.875663,-4.200443,0.346252,28,0
9.101442,50.000000,51.048722,51.995120,53.960072,48.085246,-3.960072,0.125733,15,0
9.112254,50.000000,50.940507,51.995120,53.960072,47.261172,-3.960072,0.938057,15,0
9.121959,50.000000,50.832441,51.995120,53.960072,47.158210,-3.960072,0.643332,15,0
9.131676,50.000000,50.757682,51.247816,53.664448,48.215869,-3.664448,0.360287,30,0
9.141409,50.000000,50.672522,52.394651,53.526046,47.777088,-3.526046,0.092850,5,0
9.152415,50.000000,50.664186,52.778828,52.733753,50.380747,-2.733753,1.099109,5,0
9.162126,50.000000,50.586146,52.778828,52.733753,47.932790,-2.733753,0.809911,5,0
9.171781,50.000000,50.508305,52.778828,52.733753,47.861712,-2.733753,0.465055,5,0
9.181609,50.000000,50.459476,50.347473,52.476833,48.799300,-2.476833,0.292526,1,0
9.192470,50.000000,50.388181,50.347473,52.476833,47.964144,-2.476833,1.153557,1,0
9.202253,50.000000,50.317083,50.347473,52.476833,47.899746,-2.476833,0.937043,1,0
9.212094,50.000000,50.249638,52.193650,52.445968,47.956528,-2.445968,0.777688,26,0
9.221925,50.000000,50.179658,52.193650,52.445968,47.800335,-2.445968,0.608697,26,0
9.231682,50.000000,50.207860,47.369338,51.572311,51.166716,-1.572311,0.365814,1,0
9.242469,50.000000,50.163633,51.209927,51.532813,48.659937,-1.532813,1.153317,17,0
9.252231,50.000000,50.127455,50.607901,51.432001,48.897374,-1.432001,0.915112,3,0
9.262001,50.000000,50.110261,49.169957,51.185448,49.525675,-1.185448,0.684863,16,0
9.271769,50.000000,50.071545,49.169957,51.185448,48.755194,-1.185448,0.452767,16,0
9.281586,50.000000,50.053056,49.549490,51.007136,49.424427,-1.007136,0.269632,10,0
9.292424,50.000000,50.027427,50.323025,50.932571,49.156047,-0.932571,1.108452,17,0
9.302090,50.000000,49.971131,52.921383,51.149343,48.057058,-1.149343,0.773713,9,0
9.311675,50.000000,49.934169,52.921383,51.149343,48.677491,-1.149343,0.359317,9,0
9.321404,50.000000,49.907461,50.327279,51.059741,48.999383,-1.059741,0.087619,20,0
9.332187,50.000000,49.865918,51.642991,51.123313,48.453443,-1.123313,0.871277,9,0
9.341919,50.000000,49.830176,51.642991,51.123313,48.614952,-1.123313,0.603410,9,0
9.351609,50.000000,49.803510,50.396240,51.044065,48.896873,-1.044065,0.292987,13,0
9.361487,50.000000,49.770038,50.396240,51.044065,48.631984,-1.044065,0.171277,13,0
9.372305,50.000000,49.750311,49.934606,50.923139,49.079595,-0.923139,0.989102,19,0
9.382029,50.000000,49.708383,51.881272,51.027571,48.282813,-1.027571,0.713429,11,0
9.391738,50.000000,49.675840,51.881272,51.027571,48.569393,-1.027571,0.421883,11,0
9.401399,50.000000,49.643464,51.881272,51.027571,48.542676,-1.027571,0.082750,11,0
9.412241,50.000000,49.633312,48.276600,50.830887,49.288142,-0.830887,0.925401,2,0
9.421960,50.000000,49.605974,48.276600,50.830887,48.676486,-0.830887,0.643997,2,0
9.431657,50.000000,49.537562,54.203770,51.198517,47.211569,-1.198517,0.340926,12,0
9.441424,50.000000,49.530906,48.811885,50.938384,49.304577,-0.938384,0.107972,18,0
9.452159,50.000000,49.501445,48.811885,50.938384,48.499781,-0.938384,0.842936,18,0
9.461845,50.000000,49.472129,48.811885,50.938384,48.475383,-0.938384,0.528998,18,0
9.471564,50.000000,49.502005,46.108488,50.411946,50.517780,-0.411946,0.247851,27,0
9.482466,50.000000,49.485598,46.108488,50.411946,48.927756,-0.411946,1.150335,27,0
9.492254,50.000000,49.523681,45.968400,49.927619,50.818515,0.072381,0.938500,16,0
9.501975,50.000000,49.519216,45.968400,49.927619,49.367414,0.072381,0.659203,16,0
9.511655,50.000000,49.530200,48.678842,49.791508,49.903669,0.208492,0.338943,22,0
9.521376,50.000000,49.529359,48.678842,49.791508,49.500756,0.208492,0.059865,22,0
9.532199,50.000000,49.565499,47.517127,49.463420,50.794249,0.536580,0.882568,10,0
9.541851,50.000000,49.572883,47.517127,49.463420,49.823937,0.536580,0.535011,10,0
9.551569,50.000000,49.580454,47.517127,49.463420,49.837888,0.536580,0.253106,10,0
9.562413,50.000000,49.612475,47.478631,49.247087,50.701165,0.752913,1.097132,22,0
9.572240,50.000000,49.612177,50.080904,49.366717,49.602070,0.633283,0.923861,3,0
9.581932,50.000000,49.645790,47.471021,49.160094,50.788628,0.839906,0.616279,11,0
9.591615,50.000000,49.661356,47.471021,49.160094,50.190597,0.839906,0.299054,11,0
9.602395,50.000000,49.677101,47.471021,49.160094,50.212435,0.839906,1.078716,11,0
9.612035,50.000000,49.670008,51.042348,49.365252,49.428824,0.634748,0.718733,29,0
9.621711,50.000000,49.681173,51.042348,49.365252,50.060800,0.634748,0.394536,29,0
9.631403,50.000000,49.692491,51.042348,49.365252,50.077304,0.634748,0.087216,29,0
9.642263,50.000000,49.675887,51.661136,49.615493,49.111359,0.384507,0.947121,29,0
9.651927,50.000000,49.681493,51.661136,49.615493,49.872081,0.384507,0.610629,29,0
9.662897,50.000000,49.687224,51.661136,49.615493,49.882078,0.384507,1.581146,29,0
9.671456,50.000000,49.697432,49.259246,49.576664,50.044519,0.423336,0.139518,27,0
9.682126,50.000000,49.704335,49.259246,49.576664,49.939038,0.423336,0.809819,27,0
9.691888,50.000000,49.711356,49.259246,49.576664,49.950045,0.423336,0.571668,27,0
9.701592,50.000000,49.660365,54.330801,50.094844,47.926675,-0.094844,0.276172,29,0
9.712351,50.000000,49.655176,54.330801,50.094844,49.478750,-0.094844,1.035080,29,0
9.722096,50.000000,49.650065,54.330801,50.094844,49.476284,-0.094844,0.779768,29,0
9.731838,50.000000,49.665707,49.982969,49.910506,50.197531,0.089494,0.522251,5,0
9.741530,50.000000,49.656119,50.650609,49.991174,49.330140,0.008826,0.214398,7,0
9.752298,50.000000,49.653726,50.650609,49.991174,49.572374,0.008826,0.981691,7,0
9.762080,50.000000,49.706588,48.407445,49.499251,51.503894,0.500749,0.764031,5,0
9.771824,50.000000,49.716147,48.407445,49.499251,50.041143,0.500749,0.508316,5,0
9.781529,50.000000,49.725804,48.407445,49.499251,50.054163,0.500749,0.212693,5,0
9.792273,50.000000,49.746371,48.614850,49.402855,50.445632,0.597145,0.957281,29,0
9.801995,50.000000,49.758531,48.614850,49.402855,50.171971,0.597145,0.679157,29,0
9.811707,50.000000,49.770787,48.614850,49.402855,50.187497,0.597145,0.391307,29,0
9.821419,50.000000,49.790766,48.778849,49.334841,50.470045,0.665159,0.103284,24,0
9.832210,50.000000,49.804838,48.778849,49.334841,50.283297,0.665159,0.894172,24,0
9.841951,50.000000,49.817367,49.468608,49.349421,50.243350,0.650579,0.635032,19,0
9.851716,50.000000,49.831271,49.468608,49.349421,50.304005,0.650579,0.399512,19,0
9.861381,50.000000,49.845261,49.468608,49.349421,50.320920,0.650579,0.065369,19,0
9.872193,50.000000,49.818538,52.686270,49.713123,48.909941,0.286877,0.876593,30,0
9.881857,50.000000,49.836633,48.677045,49.600195,50.451862,0.399805,0.541182,15,0
9.891581,50.000000,49.844828,48.677045,49.600195,50.123472,0.399805,0.264761,15,0
9.901383,50.000000,49.841693,50.532065,49.701765,49.735104,0.298235,0.067257,21,0
9.912142,50.000000,49.847575,50.532065,49.701765,50.047568,0.298235,0.826339,21,0
9.921841,50.000000,49.853382,50.253421,49.702915,50.050806,0.297085,0.525346,6,0
9.931561,50.000000,49.894566,46.821894,49.388896,51.294819,0.611104,0.245015,1,0
9.942368,50.000000,49.922471,48.214346,49.260875,50.871261,0.739125,1.051642,18,0
9.952037,50.000000,49.939155,48.214346,49.260875,50.506416,0.739125,0.720863,18,0
9.961775,50.000000,49.943592,50.268551,49.370708,50.094431,0.629292,0.459285,14,0
9.971524,50.000000,49.957783,50.268551,49.370708,50.440290,0.629292,0.207874,14,0
9.982266,50.000000,49.972037,50.268551,49.370708,50.456651,0.629292,0.949551,14,0
9.992044,50.000000,49.993982,48.746459,49.302667,50.740140,0.697333,0.727812,27,0
10.001716,50.000000,50.011015,49.218579,49.293502,50.590132,0.706498,0.400079,14,0
10.011435,50.000000,50.027301,49.218579,49.293502,50.581005,0.706498,0.119272,14,0
10.022198,50.000000,50.043646,49.218579,49.293502,50.599374,0.706498,0.881873,14,0
10.031932,50.000000,50.037587,51.130644,49.493743,49.831599,0.506257,0.615554,27,0
10.041656,50.000000,50.049241,51.130644,49.493743,50.445483,0.506257,0.339579,27,0
10.051390,50.000000,50.060939,51.130644,49.493743,50.458646,0.506257,0.074342,27,0
10.062260,50.000000,50.039246,52.228158,49.791782,49.301705,0.208218,0.944220,28,0
10.072012,50.000000,50.045176,49.685352,49.780182,50.246781,0.219818,0.695960,17,0
10.081692,50.000000,50.066385,48.448581,49.635043,50.787509,0.364957,0.375780,7,0
10.091389,50.000000,50.074819,48.448581,49.635043,50.361582,0.364957,0.072582,7,0
10.102188,50.000000,50.077101,48.173452,49.690165,50.154662,0.309835,0.872139,1,0
10.111937,50.000000,50.092198,49.041878,49.619505,50.605497,0.380495,0.620617,15,0
10.121671,50.000000,50.101089,49.041878,49.619505,50.403408,0.380495,0.355096,15,0
10.132430,50.000000,50.110010,49.041878,49.619505,50.413301,0.380495,1.113587,15,0
10.142152,50.000000,50.107489,50.557586,49.721751,50.021773,0.278249,0.835992,30,0
10.151791,50.000000,50.114010,50.557586,49.721751,50.335748,0.278249,0.475425,30,0
10.161455,50.000000,50.120552,50.557586,49.721751,50.342982,0.278249,0.138599,30,0
10.172316,50.000000,50.207353,43.158935,49.006433,53.158557,0.993567,0.999939,26,0
10.182025,50.000000,50.237694,48.466904,48.947626,51.269308,1.052374,0.708841,15,0
10.191699,50.000000,50.262910,48.466904,48.947626,51.120251,1.052374,0.383183,15,0
10.201440,50.000000,50.284074,49.284031,48.984293,51.003659,1.015707,0.123777,18,0
10.212218,50.000000,50.308531,49.284031,48.984293,51.140068,1.015707,0.902160,18,0
10.222142,50.000000,50.291321,52.396853,49.356247,49.706183,0.643753,0.825744,20,0
10.231857,50.000000,50.306963,52.396853,49.356247,50.838784,0.643753,0.540877,20,0
10.241623,50.000000,50.351100,47.028171,49.102497,51.851745,0.897503,0.307449,21,0
10.252254,50.000000,50.372892,47.028171,49.102497,51.113829,0.897503,0.937917,21,0
10.262019,50.000000,50.394728,47.028171,49.102497,51.137164,0.897503,0.702957,21,0
10.271675,50.000000,50.389498,51.319825,49.344176,50.211667,0.655824,0.359255,22,0
10.282420,50.000000,50.405620,51.319825,49.344176,50.953756,0.655824,1.103545,22,0
10.292142,50.000000,50.394348,51.586929,49.588627,50.011095,0.411373,0.826234,27,0
10.301928,50.000000,50.367695,52.611755,49.918135,49.461494,0.081865,0.612093,7,0
10.311669,50.000000,50.370108,52.611755,49.918135,50.452146,0.081865,0.352679,7,0
10.322424,50.000000,50.372512,52.611755,49.918135,50.454275,0.081865,1.107880,7,0
10.332115,50.000000,50.359436,51.183747,50.056081,49.914826,-0.056081,0.799384,26,0
10.341803,50.000000,50.337322,51.789450,50.245011,49.585469,-0.245011,0.487237,10,0
10.351541,50.000000,50.331853,51.789450,50.245011,50.145888,-0.245011,0.224526,10,0
10.362349,50.000000,50.326357,51.789450,50.245011,50.139517,-0.245011,1.033392,10,0
10.372089,50.000000,50.267124,52.664949,50.723855,48.253204,-0.723855,0.773117,3,0
10.381837,50.000000,50.250090,52.664949,50.723855,49.670917,-0.723855,0.521304,3,0
10.391569,50.000000,50.254671,48.951707,50.530699,50.410429,-0.530699,0.253358,19,0
10.402272,50.000000,50.242171,48.951707,50.530699,49.817161,-0.530699,0.955572,19,0
10.412095,50.000000,50.229633,48.951707,50.530699,49.803363,-0.530699,0.778569,19,0
10.421743,50.000000,50.208990,51.190758,50.602642,49.507115,-0.602642,0.427100,27,0
10.431421,50.000000,50.194655,51.190758,50.602642,49.707277,-0.602642,0.104889,27,0
10.442273,50.000000,50.189357,49.860419,50.521743,50.009218,-0.521743,0.956673,27,0
10.451980,50.000000,50.176888,49.860419,50.521743,49.752955,-0.521743,0.664287,27,0
10.461680,50.000000,50.164388,49.860419,50.521743,49.739390,-0.521743,0.363616,27,0
10.472419,50.000000,50.152640,50.457816,50.514775,49.753180,-0.514775,1.103043,25,0
10.482375,50.000000,50.151540,51.142551,50.414101,50.114140,-0.414101,1.059324,0,0
10.492130,50.000000,50.141534,51.142551,50.414101,49.801350,-0.414101,0.814397,0,0
10.501896,50.000000,50.131507,51.142551,50.414101,49.790584,-0.414101,0.580157,0,0
10.511671,50.000000,50.124211,50.188997,50.389565,49.876143,-0.389565,0.354674,25,0
10.521419,50.000000,50.073016,51.759716,50.761451,48.332385,-0.761451,0.103047,0,0
10.532272,50.000000,50.099430,47.094230,50.361740,50.997511,-0.361740,0.955988,10,0
10.541948,50.000000,50.090560,47.094230,50.361740,49.788972,-0.361740,0.632159,10,0
10.552495,50.000000,50.081674,47.094230,50.361740,49.779566,-0.361740,1.178637,10,0
10.562364,50.000000,50.109450,47.361962,50.034777,51.053817,-0.034777,1.047614,30,0
10.572050,50.000000,50.089220,51.601957,50.205593,49.401402,-0.205593,0.734400,11,0
10.581770,50.000000,50.084057,51.601957,50.205593,49.908504,-0.205593,0.454169,11,0
10.591461,50.000000,50.043899,50.511317,50.517514,48.678555,-0.517514,0.145195,3,0
10.602238,50.000000,50.030934,50.542667,50.520256,49.590101,-0.520256,0.921979,3,0
10.611985,50.000000,49.985597,53.185840,50.810793,48.444150,-0.810793,0.669029,13,0
10.621655,50.000000,49.965857,53.185840,50.810793,49.294680,-0.810793,0.339473,13,0
10.631388,50.000000,49.946078,53.185840,50.810793,49.273600,-0.810793,0.071744,13,0
10.642093,50.000000,49.955162,47.063089,50.553154,50.264009,-0.553154,0.776929,5,0
10.651822,50.000000,49.941492,47.063089,50.553154,49.476711,-0.553154,0.506242,5,0
10.661469,50.000000,49.927801,47.063089,50.553154,49.462329,-0.553154,0.153004,5,0
10.672279,50.000000,49.932653,49.034934,50.387675,50.097619,-0.387675,0.962597,28,0
10.681960,50.000000,49.922894,49.034934,50.387675,49.591101,-0.387675,0.643978,28,0
10.691670,50.000000,49.913127,49.034934,50.387675,49.581022,-0.387675,0.353846,28,0
10.701389,50.000000,49.904406,50.301307,50.378261,49.607900,-0.378261,0.072999,29,0
10.711552,50.000000,49.909515,49.178491,50.247491,50.083226,-0.247491,0.235780,9,0
10.721806,50.000000,49.903086,49.178491,50.247491,49.684482,-0.247491,0.489909,9,0
10.731763,50.000000,49.896656,49.178491,50.247491,49.678048,-0.247491,0.447005,9,0
10.741582,50.000000,49.890245,50.245934,50.247322,49.672279,-0.247322,0.265847,21,0
10.752401,50.000000,49.858963,52.280338,50.468912,48.795377,-0.468912,1.085415,18,0
10.762141,50.000000,49.885531,50.593168,50.127369,50.788852,-0.127369,0.824827,1,0
10.771782,50.000000,49.860737,53.016579,50.316666,49.017731,-0.316666,0.466305,0,0
10.781519,50.000000,49.859824,49.729237,50.252639,49.828761,-0.252639,0.202506,7,0
10.792280,50.000000,49.853260,49.729237,50.252639,49.630110,-0.252639,0.963904,7,0
10.801959,50.000000,49.893173,46.451273,49.838307,51.250211,0.161693,0.643112,21,0
10.811657,50.000000,49.905820,49.080187,49.755675,50.335830,0.244325,0.341361,14,0
10.821865,50.000000,49.911205,49.080187,49.755675,50.094287,0.244325,0.548729,14,0
10.831526,50.000000,49.916618,49.080187,49.755675,50.100639,0.244325,0.209615,14,0
10.842322,50.000000,49.955497,47.020590,49.457562,51.277381,0.542438,1.005517,30,0
10.852027,50.000000,49.968115,47.020590,49.457562,50.397147,0.542438,0.711352,30,0
10.861685,50.000000,49.980776,47.020590,49.457562,50.411251,0.542438,0.369208,30,0
10.871409,50.000000,50.040848,45.583164,49.035270,52.083275,0.964730,0.093296,26,0
10.882246,50.000000,50.035568,51.338120,49.286271,49.856051,0.713729,0.929839,5,0
10.891943,50.000000,50.007687,50.523169,49.685622,49.059757,0.314378,0.626957,6,0
10.901624,50.000000,50.024923,48.879530,49.597761,50.610925,0.402239,0.307707,7,0
10.911408,50.000000,50.034434,48.879530,49.597761,50.357802,0.402239,0.091975,7,0
10.922222,50.000000,50.044071,49.589608,49.596873,50.371749,0.403127,0.905772,20,0
10.931900,50.000000,50.053657,49.589608,49.596873,50.379564,0.403127,0.584362,20,0
10.941587,50.000000,50.085729,47.759739,49.396633,51.176186,0.603367,0.270520,22,0
10.952280,50.000000,50.100170,47.759739,49.396633,50.591155,0.603367,0.964030,22,0
10.962009,50.000000,50.114646,47.759739,49.396633,50.606843,0.603367,0.693272,22,0
10.971634,50.000000,50.075224,53.807920,49.877444,48.734865,0.122556,0.318254,29,0
10.981387,50.000000,50.078231,53.807920,49.877444,50.180485,0.122556,0.071205,29,0
10.991373,50.000000,50.081244,53.807920,49.877444,50.183672,0.122556,0.057329,29,0
11.002024,50.000000,50.107936,47.941074,49.666388,51.015464,0.333612,0.707986,29,0
11.011747,50.000000,50.116023,47.941074,49.666388,50.390970,0.333612,0.431106,29,0
11.021442,50.000000,50.096673,51.911800,49.911128,49.438794,0.088872,0.126406,12,0
11.032196,50.000000,50.098920,51.911800,49.911128,50.175325,0.088872,0.880341,12,0
11.041965,50.000000,50.103924,49.685786,49.886567,50.274064,0.113433,0.649326,22,0
11.051691,50.000000,50.134771,47.595842,49.636888,51.183569,0.363112,0.374618,7,0
11.061401,50.000000,50.102215,53.022301,50.005883,48.995297,-0.005883,0.085345,17,0
11.072152,50.000000,50.102213,53.022301,50.005883,50.102130,-0.005883,0.835619,17,0
11.081877,50.000000,50.102206,53.022301,50.005883,50.101977,-0.005883,0.560703,17,0
11.091574,50.000000,50.089662,50.044356,50.117615,49.663164,-0.117615,0.258238,4,0
11.102362,50.000000,50.068976,51.003168,50.277990,49.365671,-0.277990,1.045510,4,0
11.112041,50.000000,50.062422,51.003168,50.277990,49.839568,-0.277990,0.725229,4,0
11.121732,50.000000,50.055848,51.003168,50.277990,49.832340,-0.277990,0.416217,4,0
11.131483,50.000000,50.029516,51.270877,50.453970,49.134217,-0.453970,0.166961,0,0
11.142244,50.000000,50.018683,51.270877,50.453970,49.650352,-0.453970,0.928016,0,0
11.152047,50.000000,49.996267,51.436690,50.556979,49.234133,-0.556979,0.731355,5,0
11.161747,50.000000,49.982907,51.436690,50.556979,49.528680,-0.556979,0.430552,5,0
11.171392,50.000000,49.969516,51.436690,50.556979,49.514199,-0.556979,0.076419,5,0
11.182271,50.000000,49.988479,47.908081,50.268261,50.633226,-0.268261,0.954779,24,0
11.191964,50.000000,49.986591,49.888946,50.226917,49.922411,-0.226917,0.647637,18,0
11.201653,50.000000,50.000523,48.633806,50.053275,50.474200,-0.053275,0.336939,3,0
11.212331,50.000000,49.955741,53.602404,50.440115,48.433155,-0.440115,1.014992,17,0
11.222001,50.000000,49.969106,48.474076,50.225825,50.423533,-0.225825,0.684667,6,0
11.231637,50.000000,49.963554,48.474076,50.225825,49.774792,-0.225825,0.320773,6,0
11.242408,50.000000,49.961549,49.934976,50.194124,49.893380,-0.194124,1.091943,20,0
11.252165,50.000000,49.956740,49.934976,50.194124,49.793229,-0.194124,0.849170,20,0
11.261920,50.000000,49.934271,51.638027,50.351503,49.170311,-0.351503,0.603547,18,0
11.271649,50.000000,49.946731,48.629023,50.163760,50.370388,-0.163760,0.332624,13,0
11.281404,50.000000,49.952046,49.392934,50.079743,50.132751,-0.079743,0.088368,9,0
11.292242,50.000000,49.949949,49.392934,50.079743,49.878628,-0.079743,0.926445,9,0
11.301991,50.000000,49.962466,49.045336,49.949461,50.388043,0.050539,0.675259,2,0
11.311658,50.000000,49.963495,49.045336,49.949461,49.998510,0.050539,0.342006,2,0
11.321393,50.000000,49.964533,49.045336,49.949461,49.999824,0.050539,0.077036,2,0
11.332262,50.000000,50.024665,45.116775,49.422719,52.069127,0.577281,0.946287,30,0
11.341945,50.000000,50.038357,45.116775,49.422719,50.503910,0.577281,0.628532,30,0
11.351593,50.000000,50.019533,52.085400,49.712940,49.379513,0.287060,0.277446,18,0
11.362376,50.000000,50.026336,52.085400,49.712940,50.257639,0.287060,1.059663,18,0
11.372209,50.000000,50.056068,47.839078,49.508697,51.066959,0.491303,0.892996,23,0
11.381925,50.000000,50.067809,47.839078,49.508697,50.467005,0.491303,0.608845,23,0
11.391665,50.000000,50.079580,47.839078,49.508697,50.479779,0.491303,0.349087,23,0
11.401408,50.000000,50.100415,49.984157,49.428145,50.808801,0.571855,0.092103,4,0
11.412223,50.000000,50.047220,54.904467,50.025040,48.238601,-0.025040,0.906710,7,0
11.421877,50.000000,50.046971,50.002014,50.022530,50.038489,-0.022530,0.561249,6,0
11.431571,50.000000,50.046496,50.002014,50.022530,50.030374,-0.022530,0.254869,6,0
11.442451,50.000000,50.051129,49.604568,49.976974,50.208642,0.023026,1.134962,21,0
11.452135,50.000000,50.051742,49.604568,49.976974,50.072572,0.023026,0.818906,21,0
11.461939,50.000000,50.052354,49.604568,49.976974,50.073171,0.023026,0.622925,21,0
11.471674,50.000000,50.051387,50.106126,49.991051,50.018503,0.008949,0.357909,29,0
11.481406,50.000000,50.072351,48.298750,49.806598,50.785132,0.193402,0.089924,10,0
11.492135,50.000000,50.077050,48.298750,49.806598,50.236799,0.193402,0.819427,10,0
11.501789,50.000000,50.081758,48.298750,49.806598,50.241828,0.193402,0.473045,10,0
11.511539,50.000000,50.082190,50.157078,49.844799,50.096880,0.155201,0.222591,27,0
11.522400,50.000000,50.107589,48.078950,49.652329,50.971154,0.347671,1.084252,10,0
11.532057,50.000000,50.116023,48.078950,49.652329,50.402784,0.347671,0.741443,10,0
11.541621,50.000000,50.124474,48.078950,49.652329,50.411824,0.347671,0.304559,10,0
11.552368,50.000000,50.134043,49.562274,49.642513,50.459399,0.357487,1.051724,30,0
11.562100,50.000000,50.142764,49.562274,49.642513,50.439247,0.357487,0.784122,30,0
11.571895,50.000000,50.121203,52.120529,49.912606,49.388156,0.087394,0.578862,17,0
11.581587,50.000000,50.123475,52.120529,49.912606,50.200708,0.087394,0.270715,17,0
11.592365,50.000000,50.107927,51.370095,50.071466,49.579296,-0.071466,1.049035,25,0
11.602050,50.000000,50.071723,52.906638,50.380487,48.840799,-0.380487,0.733975,6,0
11.611677,50.000000,50.062759,52.906638,50.380487,49.757971,-0.380487,0.361456,6,0
11.622423,50.000000,50.053768,52.906638,50.380487,49.748078,-0.380487,1.107248,6,0
11.632210,50.000000,49.987853,53.677728,50.887736,47.746729,-0.887736,0.894407,0,0
11.641953,50.000000,49.966639,53.677728,50.887736,49.245393,-0.887736,0.637377,0,0
11.651689,50.000000,49.945373,53.677728,50.887736,49.222311,-0.887736,0.372848,0,0
11.661389,50.000000,49.926824,50.661225,50.863047,49.296158,-0.863047,0.073013,28,0
11.672135,50.000000,49.906048,50.661225,50.863047,49.199653,-0.863047,0.819491,28,0
11.681910,50.000000,49.875035,51.696434,50.953883,48.820593,-0.953883,0.594026,27,0
11.691630,50.000000,49.851985,51.696434,50.953883,49.068299,-0.953883,0.313609,27,0
11.702424,50.000000,49.828885,51.696434,50.953883,49.043498,-0.953883,1.107525,27,0
11.712115,50.000000,49.803960,51.099229,50.969725,48.956501,-0.969725,0.798640,24,0
11.721895,50.000000,49.791837,50.033027,50.867629,49.379643,-0.867629,0.579080,10,0
11.731574,50.000000,49.770664,50.033027,50.867629,49.050797,-0.867629,0.257957,10,0
11.742349,50.000000,49.739630,51.670955,50.955188,48.684482,-0.955188,1.032592,18,0
11.752036,50.000000,49.716279,51.670955,50.955188,48.922324,-0.955188,0.719647,18,0
11.761716,50.000000,49.693166,48.337903,50.952678,48.907342,-0.952678,0.400024,1,0
11.771401,50.000000,49.669791,48.337903,50.952678,48.875043,-0.952678,0.085372,1,0
11.782193,50.000000,49.671097,48.930748,50.732297,49.715492,-0.732297,0.877337,16,0
11.791875,50.000000,49.652932,48.930748,50.732297,49.035307,-0.732297,0.559374,16,0
11.801608,50.000000,49.671168,48.350096,50.407554,50.291208,-0.407554,0.292231,1,0
11.812442,50.000000,49.660746,48.350096,50.407554,49.306383,-0.407554,1.125931,1,0
11.822237,50.000000,49.671281,48.692974,50.220672,50.029485,-0.220672,0.921335,14,0
11.831860,50.000000,49.665333,48.692974,50.220672,49.463102,-0.220672,0.544373,14,0
11.841636,50.000000,49.659391,48.692974,50.220672,49.457364,-0.220672,0.319874,14,0
11.852361,50.000000,49.685542,47.596239,49.934620,50.574667,0.065380,1.044550,27,0
11.862108,50.000000,49.686475,47.596239,49.934620,49.718211,0.065380,0.791569,27,0
11.871778,50.000000,49.703407,48.627879,49.792191,50.279087,0.207809,0.461810,27,0
11.881475,50.000000,49.707801,48.627879,49.792191,49.857203,0.207809,0.158614,27,0
11.892259,50.000000,49.712224,48.627879,49.792191,49.862606,0.207809,0.943140,27,0
11.902021,50.000000,49.666671,53.996765,50.237975,48.117861,-0.237975,0.705297,5,0
11.911735,50.000000,49.660453,53.996765,50.237975,49.449026,-0.237975,0.418539,5,0
11.921603,50.000000,49.684115,47.794026,49.971595,50.488646,0.028405,0.286955,17,0
11.932355,50.000000,49.669385,51.190767,50.104479,49.168540,-0.104479,1.039073,10,0
11.942089,50.000000,49.666387,51.190767,50.104479,49.564477,-0.104479,0.772732,10,0
11.951466,50.000000,49.663398,51.190767,50.104479,49.561761,-0.104479,0.150436,10,0
11.962225,50.000000,49.666851,49.903461,50.047115,49.784258,-0.047115,0.909153,2,0
11.971929,50.000000,49.682184,48.662340,49.896180,50.203508,0.103820,0.612806,6,0
11.982222,50.000000,49.690850,49.167431,49.837066,49.985487,0.162934,0.906062,0,0
11.992443,50.000000,49.736911,46.353682,49.457392,51.302979,0.542608,1.127202,5,0
12.002346,50.000000,49.749515,46.353682,49.457392,50.178066,0.542608,1.030247,5,0
