unit_id,time_id,calendar_period,region,population,covariate,treated,post,ever_treated,treatment_time,treatment_cohort,parallel_trend_violation,outcome
unit_000,0,2019Q1,Northeast,917260,0.4411676739310342,0,0,0,,-1,0,17.00845147952316
unit_000,1,2019Q2,Northeast,917260,0.23116691419610613,0,0,0,,-1,0,16.135372847283655
unit_000,2,2019Q3,Northeast,917260,0.6143647263898384,0,0,0,,-1,0,17.371991273211115
unit_000,3,2019Q4,Northeast,917260,0.8205560726641304,0,0,0,,-1,0,18.111972172562293
unit_000,4,2020Q1,Northeast,917260,1.4497420106523045,0,0,0,,-1,0,18.41758280055189
unit_000,5,2020Q2,Northeast,917260,0.6808952762723313,0,0,0,,-1,0,18.152484564047164
unit_000,6,2020Q3,Northeast,917260,1.2661182380801017,0,0,0,,-1,0,19.182399414777443
unit_000,7,2020Q4,Northeast,917260,1.6314083347600867,0,0,0,,-1,0,18.45859580306313
unit_000,8,2021Q1,Northeast,917260,2.001275410616831,0,0,0,,-1,0,17.319938564118175
unit_000,9,2021Q2,Northeast,917260,1.4152063622275723,0,0,0,,-1,0,16.838933242150784
unit_000,10,2021Q3,Northeast,917260,1.6526859675854653,0,0,0,,-1,0,16.45828449136749
unit_000,11,2021Q4,Northeast,917260,2.1614222300750257,0,0,0,,-1,0,17.483779151350046
unit_000,12,2022Q1,Northeast,917260,1.5743371956140537,0,0,0,,-1,0,16.570522635396657
unit_000,13,2022Q2,Northeast,917260,2.3488492452975525,0,0,0,,-1,0,18.546112882774846
unit_000,14,2022Q3,Northeast,917260,3.0879752107821092,0,1,0,,-1,0,20.800387716016463
unit_000,15,2022Q4,Northeast,917260,2.6841627003365827,0,1,0,,-1,0,18.249890022116745
unit_000,16,2023Q1,Northeast,917260,1.9429032004340256,0,1,0,,-1,0,19.177759130301624
unit_000,17,2023Q2,Northeast,917260,2.5545900153313696,0,1,0,,-1,0,19.662781434906215
unit_000,18,2023Q3,Northeast,917260,2.774885519019051,0,1,0,,-1,0,20.545359168358967
unit_000,19,2023Q4,Northeast,917260,3.5122124794656595,0,1,0,,-1,0,21.70916449487609
unit_000,20,2024Q1,Northeast,917260,3.233597205726443,0,1,0,,-1,0,21.05347039349772
unit_000,21,2024Q2,Northeast,917260,2.852980368043459,0,1,0,,-1,0,21.4042503766587
unit_000,22,2024Q3,Northeast,917260,3.5702955059035717,0,1,0,,-1,0,23.502236912075393
unit_000,23,2024Q4,Northeast,917260,3.784715481205494,0,1,0,,-1,0,22.99216070303254
unit_001,0,2019Q1,Midwest,1006382,0.45653476634983714,0,0,0,,-1,0,15.896736117764876
unit_001,1,2019Q2,Midwest,1006382,0.44349735905721027,0,0,0,,-1,0,16.631959751950998
unit_001,2,2019Q3,Midwest,1006382,1.676252632190848,0,0,0,,-1,0,17.694351963418708
unit_001,3,2019Q4,Midwest,1006382,1.374759447146261,0,0,0,,-1,0,17.648368697592957
unit_001,4,2020Q1,Midwest,1006382,1.557338780344526,0,0,0,,-1,0,18.74110231876313
unit_001,5,2020Q2,Midwest,1006382,1.3264649616582087,0,0,0,,-1,0,18.234473222079785
unit_001,6,2020Q3,Midwest,1006382,1.3021125324382536,0,0,0,,-1,0,18.389627948080157
unit_001,7,2020Q4,Midwest,1006382,1.5220440077192674,0,0,0,,-1,0,17.115467459799223
unit_001,8,2021Q1,Midwest,1006382,1.3840100748266737,0,0,0,,-1,0,17.724698768473804
unit_001,9,2021Q2,Midwest,1006382,2.5339701655821925,0,0,0,,-1,0,18.199864831255283
unit_001,10,2021Q3,Midwest,1006382,2.0897648117000815,0,0,0,,-1,0,17.799926272342702
unit_001,11,2021Q4,Midwest,1006382,2.738388835435929,0,0,0,,-1,0,18.0806277555756
unit_001,12,2022Q1,Midwest,1006382,2.2874636950467324,0,0,0,,-1,0,18.447162113780045
unit_001,13,2022Q2,Midwest,1006382,2.7313529793001052,0,0,0,,-1,0,19.2205095776047
unit_001,14,2022Q3,Midwest,1006382,2.7954202788662075,0,1,0,,-1,0,17.653918241729254
unit_001,15,2022Q4,Midwest,1006382,2.4024325061025578,0,1,0,,-1,0,19.85183458588556
unit_001,16,2023Q1,Midwest,1006382,3.6345712281126943,0,1,0,,-1,0,19.890785728340116
unit_001,17,2023Q2,Midwest,1006382,3.0471726634409446,0,1,0,,-1,0,21.207654404099323
unit_001,18,2023Q3,Midwest,1006382,2.943822237123319,0,1,0,,-1,0,20.01915773735282
unit_001,19,2023Q4,Midwest,1006382,3.706452603979706,0,1,0,,-1,0,21.320314697441077
unit_001,20,2024Q1,Midwest,1006382,3.6294955724865154,0,1,0,,-1,0,21.772483264413417
unit_001,21,2024Q2,Midwest,1006382,3.899439317918167,0,1,0,,-1,0,23.2442783733786
unit_001,22,2024Q3,Midwest,1006382,3.962992943254151,0,1,0,,-1,0,22.792751137844213
unit_001,23,2024Q4,Midwest,1006382,3.363727990477682,0,1,0,,-1,0,21.812597618404663
unit_002,0,2019Q1,South,908927,-1.7522864144581713,0,0,1,-14.0,14,0,13.57153773623443
unit_002,1,2019Q2,South,908927,-1.6145091482807292,0,0,1,-13.0,14,0,14.682833920251587
unit_002,2,2019Q3,South,908927,-0.8365899300310619,0,0,1,-12.0,14,0,14.806290773048117
unit_002,3,2019Q4,South,908927,-0.9964347974476204,0,0,1,-11.0,14,0,15.488182297291374
unit_002,4,2020Q1,South,908927,-0.9718414028823528,0,0,1,-10.0,14,0,16.613105140225034
unit_002,5,2020Q2,South,908927,-0.5188154169042923,0,0,1,-9.0,14,0,17.085671583196817
unit_002,6,2020Q3,South,908927,-0.6112328075931317,0,0,1,-8.0,14,0,15.44147597840231
unit_002,7,2020Q4,South,908927,-0.48550640576384124,0,0,1,-7.0,14,0,15.947788345308526
unit_002,8,2021Q1,South,908927,-0.19535514439686763,0,0,1,-6.0,14,0,14.94640843357283
unit_002,9,2021Q2,South,908927,-0.07548439628591061,0,0,1,-5.0,14,0,15.700237916696134
unit_002,10,2021Q3,South,908927,0.9239600932812057,0,0,1,-4.0,14,0,17.324876039493645
unit_002,11,2021Q4,South,908927,-0.10579099255125352,0,0,1,-3.0,14,0,15.063896158254103
unit_002,12,2022Q1,South,908927,-0.16936052049861772,0,0,1,-2.0,14,0,14.862266899707237
unit_002,13,2022Q2,South,908927,0.6033059314009527,0,0,1,-1.0,14,0,17.163550741278705
unit_002,14,2022Q3,South,908927,0.38766483693407067,1,1,1,0.0,14,0,18.037094300684355
unit_002,15,2022Q4,South,908927,0.04129301973580435,1,1,1,1.0,14,0,18.528252764531583
unit_002,16,2023Q1,South,908927,0.5709991359934864,1,1,1,2.0,14,0,19.214730556976818
unit_002,17,2023Q2,South,908927,0.7859429077856774,1,1,1,3.0,14,0,20.223965076996084
unit_002,18,2023Q3,South,908927,0.6276392431695124,1,1,1,4.0,14,0,19.644830512699563
unit_002,19,2023Q4,South,908927,2.138080669354238,1,1,1,5.0,14,0,21.3369135513123
unit_002,20,2024Q1,South,908927,1.1589692276852097,1,1,1,6.0,14,0,23.12965726373262
unit_002,21,2024Q2,South,908927,2.709617689378476,1,1,1,7.0,14,0,22.316217843125948
unit_002,22,2024Q3,South,908927,1.7139570452685227,1,1,1,8.0,14,0,22.708719625646516
unit_002,23,2024Q4,South,908927,2.5978883556862904,1,1,1,9.0,14,0,22.291608907897448
unit_003,0,2019Q1,West,357441,-0.40551846243703976,0,0,1,-14.0,14,1,17.098492561976943
unit_003,1,2019Q2,West,357441,-0.017503090293984835,0,0,1,-13.0,14,1,17.10732560385771
unit_003,2,2019Q3,West,357441,-0.06650925393791574,0,0,1,-12.0,14,1,16.8545003718395
unit_003,3,2019Q4,West,357441,0.04696797325156579,0,0,1,-11.0,14,1,18.07190674265812
unit_003,4,2020Q1,West,357441,0.36158824501188824,0,0,1,-10.0,14,1,18.32034393165401
unit_003,5,2020Q2,West,357441,0.5953672665334973,0,0,1,-9.0,14,1,19.69874209766382
unit_003,6,2020Q3,West,357441,0.6347290483266617,0,0,1,-8.0,14,1,19.292140685720316
unit_003,7,2020Q4,West,357441,0.7489331552949523,0,0,1,-7.0,14,1,19.084226114278337
unit_003,8,2021Q1,West,357441,0.627783471902702,0,0,1,-6.0,14,1,19.16541831201853
unit_003,9,2021Q2,West,357441,0.9962784741979773,0,0,1,-5.0,14,1,20.606417244003577
unit_003,10,2021Q3,West,357441,1.7310029995090335,0,0,1,-4.0,14,1,19.909384666132738
unit_003,11,2021Q4,West,357441,1.0632587602495298,0,0,1,-3.0,14,1,18.546120058471903
unit_003,12,2022Q1,West,357441,1.8972288172238012,0,0,1,-2.0,14,1,20.293953489222883
unit_003,13,2022Q2,West,357441,1.7983789748297625,0,0,1,-1.0,14,1,19.550814137603652
unit_003,14,2022Q3,West,357441,2.104932252188062,1,1,1,0.0,14,1,23.96977858414489
unit_003,15,2022Q4,West,357441,1.5416780440976312,1,1,1,1.0,14,1,23.521751220626665
unit_003,16,2023Q1,West,357441,2.1726298051674804,1,1,1,2.0,14,1,25.01420653781097
unit_003,17,2023Q2,West,357441,2.128068868611454,1,1,1,3.0,14,1,25.568095582924567
unit_003,18,2023Q3,West,357441,2.2921367012702882,1,1,1,4.0,14,1,26.529682374334612
unit_003,19,2023Q4,West,357441,3.0453509741903035,1,1,1,5.0,14,1,25.735799010550256
unit_003,20,2024Q1,West,357441,2.597431191064309,1,1,1,6.0,14,1,27.83520816118189
unit_003,21,2024Q2,West,357441,2.933926680033183,1,1,1,7.0,14,1,28.02822933022023
unit_003,22,2024Q3,West,357441,2.3654761597751945,1,1,1,8.0,14,1,28.33327314036775
unit_003,23,2024Q4,West,357441,3.734901358600163,1,1,1,9.0,14,1,28.024264654836372
unit_004,0,2019Q1,Northeast,780611,-0.16803284949842962,0,0,0,,-1,0,15.660613483287639
unit_004,1,2019Q2,Northeast,780611,-0.34183617533289207,0,0,0,,-1,0,15.40759366942018
unit_004,2,2019Q3,Northeast,780611,-0.28743231461735236,0,0,0,,-1,0,17.375898659557144
unit_004,3,2019Q4,Northeast,780611,0.18355668040290188,0,0,0,,-1,0,18.16619527827989
unit_004,4,2020Q1,Northeast,780611,0.5417215068493972,0,0,0,,-1,0,17.560628211967973
unit_004,5,2020Q2,Northeast,780611,0.8900044298659316,0,0,0,,-1,0,17.743188539016767
unit_004,6,2020Q3,Northeast,780611,0.7194232075861751,0,0,0,,-1,0,16.98125192618096
unit_004,7,2020Q4,Northeast,780611,0.6029183812579262,0,0,0,,-1,0,16.426752058194964
unit_004,8,2021Q1,Northeast,780611,1.075981722815403,0,0,0,,-1,0,16.176373362164714
unit_004,9,2021Q2,Northeast,780611,1.1534499655533859,0,0,0,,-1,0,16.716440548564705
unit_004,10,2021Q3,Northeast,780611,1.4395638284207664,0,0,0,,-1,0,17.420545919657712
unit_004,11,2021Q4,Northeast,780611,1.8168535008835849,0,0,0,,-1,0,17.605766898784672
unit_004,12,2022Q1,Northeast,780611,0.7794132562285702,0,0,0,,-1,0,16.445017762196112
unit_004,13,2022Q2,Northeast,780611,1.0694248282990189,0,0,0,,-1,0,16.516082681657892
unit_004,14,2022Q3,Northeast,780611,2.158557297354057,0,1,0,,-1,0,18.35082953342652
unit_004,15,2022Q4,Northeast,780611,1.5350016957046433,0,1,0,,-1,0,17.204247331901087
unit_004,16,2023Q1,Northeast,780611,1.9411010782138958,0,1,0,,-1,0,17.80268525796968
unit_004,17,2023Q2,Northeast,780611,1.8447282486184011,0,1,0,,-1,0,19.304923173167477
unit_004,18,2023Q3,Northeast,780611,2.6339865583445476,0,1,0,,-1,0,20.492403805375005
unit_004,19,2023Q4,Northeast,780611,1.5776760176978692,0,1,0,,-1,0,19.987424293758988
unit_004,20,2024Q1,Northeast,780611,2.554839096338607,0,1,0,,-1,0,20.98624027318707
unit_004,21,2024Q2,Northeast,780611,3.2453007342851268,0,1,0,,-1,0,19.85750752991672
unit_004,22,2024Q3,Northeast,780611,2.6227411468903177,0,1,0,,-1,0,21.32974580219002
unit_004,23,2024Q4,Northeast,780611,2.4260693058983245,0,1,0,,-1,0,21.71310296367829
unit_005,0,2019Q1,Midwest,500369,-0.5099530337981115,0,0,0,,-1,0,14.635469922414334
unit_005,1,2019Q2,Midwest,500369,-0.68870812977597,0,0,0,,-1,0,14.847864405380179
unit_005,2,2019Q3,Midwest,500369,0.035087196352821426,0,0,0,,-1,0,15.187507783011108
unit_005,3,2019Q4,Midwest,500369,-0.1068375357987984,0,0,0,,-1,0,15.299441846949373
unit_005,4,2020Q1,Midwest,500369,-0.34104869090212553,0,0,0,,-1,0,14.924845786015348
unit_005,5,2020Q2,Midwest,500369,0.05773926539833249,0,0,0,,-1,0,15.521729791943178
unit_005,6,2020Q3,Midwest,500369,0.611060638175261,0,0,0,,-1,0,14.751096717031405
unit_005,7,2020Q4,Midwest,500369,0.3673689911448059,0,0,0,,-1,0,16.191502439578464
unit_005,8,2021Q1,Midwest,500369,0.3008662716722606,0,0,0,,-1,0,14.335086501112292
unit_005,9,2021Q2,Midwest,500369,0.7819293188975757,0,0,0,,-1,0,15.63283551171331
unit_005,10,2021Q3,Midwest,500369,0.8651212712028888,0,0,0,,-1,0,15.902428323469678
unit_005,11,2021Q4,Midwest,500369,1.3110000456549424,0,0,0,,-1,0,15.817839620793162
unit_005,12,2022Q1,Midwest,500369,1.3550629272200905,0,0,0,,-1,0,16.96501127633413
unit_005,13,2022Q2,Midwest,500369,1.2393155606535426,0,0,0,,-1,0,14.056091103239433
unit_005,14,2022Q3,Midwest,500369,2.0226111782876575,0,1,0,,-1,0,15.957942236811956
unit_005,15,2022Q4,Midwest,500369,1.6488803072767195,0,1,0,,-1,0,17.353610786460983
unit_005,16,2023Q1,Midwest,500369,1.2003313123860342,0,1,0,,-1,0,15.72805505037245
unit_005,17,2023Q2,Midwest,500369,1.3506748737650591,0,1,0,,-1,0,16.62069660704296
unit_005,18,2023Q3,Midwest,500369,2.2149949638626056,0,1,0,,-1,0,18.551475717813073
unit_005,19,2023Q4,Midwest,500369,2.3078181145216523,0,1,0,,-1,0,17.63194531153309
unit_005,20,2024Q1,Midwest,500369,1.5525859489352325,0,1,0,,-1,0,18.440278906874042
unit_005,21,2024Q2,Midwest,500369,2.346000539983241,0,1,0,,-1,0,19.386812340863326
unit_005,22,2024Q3,Midwest,500369,2.906805920934102,0,1,0,,-1,0,19.542955690585007
unit_005,23,2024Q4,Midwest,500369,3.077168731638207,0,1,0,,-1,0,19.61332441519045
unit_006,0,2019Q1,South,623978,-0.08961960426617041,0,0,0,,-1,0,15.25682134855398
unit_006,1,2019Q2,South,623978,-0.18800624606769423,0,0,0,,-1,0,16.161831902636788
unit_006,2,2019Q3,South,623978,0.31204271516941284,0,0,0,,-1,0,16.341547849930386
unit_006,3,2019Q4,South,623978,0.35726628827955564,0,0,0,,-1,0,16.637399346809936
unit_006,4,2020Q1,South,623978,0.2837179902084706,0,0,0,,-1,0,17.432289124334336
unit_006,5,2020Q2,South,623978,-0.22271338109563826,0,0,0,,-1,0,15.592926257401773
unit_006,6,2020Q3,South,623978,0.10609285966832904,0,0,0,,-1,0,14.976565932268617
unit_006,7,2020Q4,South,623978,0.5374651947190046,0,0,0,,-1,0,17.255777488500996
unit_006,8,2021Q1,South,623978,0.8251483255394151,0,0,0,,-1,0,16.87672726088933
unit_006,9,2021Q2,South,623978,1.4560838726220937,0,0,0,,-1,0,17.915427016172522
unit_006,10,2021Q3,South,623978,1.2006594716191674,0,0,0,,-1,0,17.659527352298905
unit_006,11,2021Q4,South,623978,1.4071020792252544,0,0,0,,-1,0,16.236999534353586
unit_006,12,2022Q1,South,623978,1.316817625503759,0,0,0,,-1,0,15.810510970814137
unit_006,13,2022Q2,South,623978,1.364010899966538,0,0,0,,-1,0,16.822160567010023
unit_006,14,2022Q3,South,623978,2.106112505555827,0,1,0,,-1,0,19.060830445693412
unit_006,15,2022Q4,South,623978,1.4910942183913525,0,1,0,,-1,0,18.118039907569347
unit_006,16,2023Q1,South,623978,1.7606673700681792,0,1,0,,-1,0,18.790565392661676
unit_006,17,2023Q2,South,623978,2.228977421032612,0,1,0,,-1,0,17.935076758698482
unit_006,18,2023Q3,South,623978,2.7497616958222855,0,1,0,,-1,0,19.55772320488939
unit_006,19,2023Q4,South,623978,2.3879926653425723,0,1,0,,-1,0,19.35581313315662
unit_006,20,2024Q1,South,623978,2.495858601932672,0,1,0,,-1,0,20.73371507843825
unit_006,21,2024Q2,South,623978,2.8086222294455743,0,1,0,,-1,0,21.00806594702072
unit_006,22,2024Q3,South,623978,3.1515303976484113,0,1,0,,-1,0,21.941780738017133
unit_006,23,2024Q4,South,623978,3.0548825959707835,0,1,0,,-1,0,19.823434223193694
unit_007,0,2019Q1,West,1376890,1.86846915703459,0,0,1,-14.0,14,0,15.152302539691268
unit_007,1,2019Q2,West,1376890,2.035048666836478,0,0,1,-13.0,14,0,16.087374434909673
unit_007,2,2019Q3,West,1376890,1.7490431756632252,0,0,1,-12.0,14,0,16.14000273654895
unit_007,3,2019Q4,West,1376890,2.627795707278601,0,0,1,-11.0,14,0,18.09941320667387
unit_007,4,2020Q1,West,1376890,2.1192247085308686,0,0,1,-10.0,14,0,16.511264393564765
unit_007,5,2020Q2,West,1376890,2.6216253663476308,0,0,1,-9.0,14,0,16.125739836578607
unit_007,6,2020Q3,West,1376890,2.511515941650785,0,0,1,-8.0,14,0,16.542172280145103
unit_007,7,2020Q4,West,1376890,2.65480918524454,0,0,1,-7.0,14,0,15.931193995644888
unit_007,8,2021Q1,West,1376890,2.1385926885762565,0,0,1,-6.0,14,0,14.568451036184996
unit_007,9,2021Q2,West,1376890,2.4538568716880333,0,0,1,-5.0,14,0,15.759197177722447
unit_007,10,2021Q3,West,1376890,2.8923242559073294,0,0,1,-4.0,14,0,17.62720143173164
unit_007,11,2021Q4,West,1376890,3.5320389907019503,0,0,1,-3.0,14,0,15.9985317797914
unit_007,12,2022Q1,West,1376890,3.4166392695922307,0,0,1,-2.0,14,0,16.395802359692908
unit_007,13,2022Q2,West,1376890,3.3454139679203623,0,0,1,-1.0,14,0,17.303935497383495
unit_007,14,2022Q3,West,1376890,3.8116512021757836,1,1,1,0.0,14,0,19.75522905188083
unit_007,15,2022Q4,West,1376890,4.117289347691421,1,1,1,1.0,14,0,19.764890304295992
unit_007,16,2023Q1,West,1376890,3.8971599830611896,1,1,1,2.0,14,0,22.657689359733173
unit_007,17,2023Q2,West,1376890,4.123019221153243,1,1,1,3.0,14,0,22.424808007068986
unit_007,18,2023Q3,West,1376890,4.226973373595018,1,1,1,4.0,14,0,22.303126371586025
unit_007,19,2023Q4,West,1376890,4.325067193196954,1,1,1,5.0,14,0,22.18442701996331
unit_007,20,2024Q1,West,1376890,4.222122472380499,1,1,1,6.0,14,0,22.78602382945436
unit_007,21,2024Q2,West,1376890,4.346903295019377,1,1,1,7.0,14,0,23.168953714245514
unit_007,22,2024Q3,West,1376890,5.1747917627904645,1,1,1,8.0,14,0,23.520556179147054
unit_007,23,2024Q4,West,1376890,4.844754254489904,1,1,1,9.0,14,0,23.277989319595584
unit_008,0,2019Q1,Northeast,1271656,-0.9738666851344876,0,0,0,,-1,0,16.346161156990984
unit_008,1,2019Q2,Northeast,1271656,-1.3568232451685365,0,0,0,,-1,0,15.52449768931296
unit_008,2,2019Q3,Northeast,1271656,-1.2626153139866423,0,0,0,,-1,0,15.034113949489695
unit_008,3,2019Q4,Northeast,1271656,0.061520664741624986,0,0,0,,-1,0,17.750570363452127
unit_008,4,2020Q1,Northeast,1271656,-0.5176491973429198,0,0,0,,-1,0,15.790439970564389
unit_008,5,2020Q2,Northeast,1271656,-1.153416208937821,0,0,0,,-1,0,16.0563035802723
unit_008,6,2020Q3,Northeast,1271656,0.8813141385933475,0,0,0,,-1,0,17.997204399173985
unit_008,7,2020Q4,Northeast,1271656,-0.011681415810564505,0,0,0,,-1,0,17.319738729690492
unit_008,8,2021Q1,Northeast,1271656,-0.21216653924129825,0,0,0,,-1,0,16.516091735219778
unit_008,9,2021Q2,Northeast,1271656,0.5189859998622651,0,0,0,,-1,0,17.011759938924218
unit_008,10,2021Q3,Northeast,1271656,0.910951026898285,0,0,0,,-1,0,17.48576687718308
unit_008,11,2021Q4,Northeast,1271656,1.0180829906445557,0,0,0,,-1,0,16.82295695696001
unit_008,12,2022Q1,Northeast,1271656,1.2484042772504484,0,0,0,,-1,0,18.677343153539145
unit_008,13,2022Q2,Northeast,1271656,0.7446165524287623,0,0,0,,-1,0,16.770072271028063
unit_008,14,2022Q3,Northeast,1271656,1.7016934020188383,0,1,0,,-1,0,18.155324163932256
unit_008,15,2022Q4,Northeast,1271656,1.8755063715300517,0,1,0,,-1,0,18.44428193641718
unit_008,16,2023Q1,Northeast,1271656,2.0434348360015058,0,1,0,,-1,0,19.355079213961677
unit_008,17,2023Q2,Northeast,1271656,1.7745489724697,0,1,0,,-1,0,20.596405941198697
unit_008,18,2023Q3,Northeast,1271656,1.7075492172012965,0,1,0,,-1,0,19.187087501101228
unit_008,19,2023Q4,Northeast,1271656,1.827171411496833,0,1,0,,-1,0,20.568800255612395
unit_008,20,2024Q1,Northeast,1271656,1.5861532090435766,0,1,0,,-1,0,20.782108746640674
unit_008,21,2024Q2,Northeast,1271656,2.095598923140547,0,1,0,,-1,0,21.60499848399401
unit_008,22,2024Q3,Northeast,1271656,1.5961777775915915,0,1,0,,-1,0,19.950452858186953
unit_008,23,2024Q4,Northeast,1271656,1.9939050313748212,0,1,0,,-1,0,20.10453972268855
unit_009,0,2019Q1,Midwest,1226176,1.054961419979611,0,0,0,,-1,0,15.715943450387748
unit_009,1,2019Q2,Midwest,1226176,1.0295962054596755,0,0,0,,-1,0,16.023608874912806
unit_009,2,2019Q3,Midwest,1226176,1.339464238808461,0,0,0,,-1,0,15.890303878469831
unit_009,3,2019Q4,Midwest,1226176,1.6656757289061486,0,0,0,,-1,0,17.461396643217917
unit_009,4,2020Q1,Midwest,1226176,1.7030416327711162,0,0,0,,-1,0,17.51878287721581
unit_009,5,2020Q2,Midwest,1226176,1.8220246548745116,0,0,0,,-1,0,18.656251093971086
unit_009,6,2020Q3,Midwest,1226176,1.8377953947231023,0,0,0,,-1,0,16.980553593806714
unit_009,7,2020Q4,Midwest,1226176,1.7545437014663987,0,0,0,,-1,0,16.321302763723757
unit_009,8,2021Q1,Midwest,1226176,1.7327132289311042,0,0,0,,-1,0,16.28680428354409
unit_009,9,2021Q2,Midwest,1226176,2.293540221013256,0,0,0,,-1,0,17.395172821328863
unit_009,10,2021Q3,Midwest,1226176,2.4861780750847373,0,0,0,,-1,0,16.677842569363733
unit_009,11,2021Q4,Midwest,1226176,2.9333429519984677,0,0,0,,-1,0,18.01572447244828
unit_009,12,2022Q1,Midwest,1226176,2.7124014469937747,0,0,0,,-1,0,16.976262895275386
unit_009,13,2022Q2,Midwest,1226176,3.1102281268819105,0,0,0,,-1,0,17.99506791021736
unit_009,14,2022Q3,Midwest,1226176,2.5614338137962145,0,1,0,,-1,0,17.719318996880002
unit_009,15,2022Q4,Midwest,1226176,3.3099908888175142,0,1,0,,-1,0,17.95630630800925
unit_009,16,2023Q1,Midwest,1226176,3.4347235420845856,0,1,0,,-1,0,18.027928558884142
unit_009,17,2023Q2,Midwest,1226176,3.9859434895957406,0,1,0,,-1,0,20.67108187878246
unit_009,18,2023Q3,Midwest,1226176,3.579897287585443,0,1,0,,-1,0,20.159369883084572
unit_009,19,2023Q4,Midwest,1226176,2.9748056665615246,0,1,0,,-1,0,19.018615862039997
unit_009,20,2024Q1,Midwest,1226176,3.8654557325382353,0,1,0,,-1,0,19.890907756038462
unit_009,21,2024Q2,Midwest,1226176,4.368317123512211,0,1,0,,-1,0,22.5017462005243
unit_009,22,2024Q3,Midwest,1226176,3.8564632027912245,0,1,0,,-1,0,20.216446245041634
unit_009,23,2024Q4,Midwest,1226176,4.500685283499956,0,1,0,,-1,0,22.286010006919813
unit_010,0,2019Q1,South,742770,-2.1107007810047707,0,0,0,,-1,0,13.738196122905078
unit_010,1,2019Q2,South,742770,-0.8954151738312168,0,0,0,,-1,0,13.50324436610501
unit_010,2,2019Q3,South,742770,-1.831243994011846,0,0,0,,-1,0,14.016902038022625
unit_010,3,2019Q4,South,742770,-1.4150757161151986,0,0,0,,-1,0,15.350985539031727
unit_010,4,2020Q1,South,742770,-0.9982888696785114,0,0,0,,-1,0,13.932617807065036
unit_010,5,2020Q2,South,742770,-0.752476130600521,0,0,0,,-1,0,14.974367043285248
unit_010,6,2020Q3,South,742770,-0.3368132456863712,0,0,0,,-1,0,15.183647546298678
unit_010,7,2020Q4,South,742770,-0.8556851207015872,0,0,0,,-1,0,15.587229672600518
unit_010,8,2021Q1,South,742770,-0.215845502797877,0,0,0,,-1,0,15.834979919217004
unit_010,9,2021Q2,South,742770,-0.9228288327004878,0,0,0,,-1,0,15.339277729634805
unit_010,10,2021Q3,South,742770,-0.5448775897018443,0,0,0,,-1,0,15.307617506519392
unit_010,11,2021Q4,South,742770,-0.531176824005476,0,0,0,,-1,0,15.45853213166647
unit_010,12,2022Q1,South,742770,-0.16517938812338534,0,0,0,,-1,0,14.558650100593258
unit_010,13,2022Q2,South,742770,0.5169672761530351,0,0,0,,-1,0,16.22823019285565
unit_010,14,2022Q3,South,742770,0.20223834789668135,0,1,0,,-1,0,17.11331131280176
unit_010,15,2022Q4,South,742770,0.4129018808347854,0,1,0,,-1,0,16.569503755533468
unit_010,16,2023Q1,South,742770,0.8112499350717055,0,1,0,,-1,0,16.730652546235948
unit_010,17,2023Q2,South,742770,1.0320279310741702,0,1,0,,-1,0,17.30837475234688
unit_010,18,2023Q3,South,742770,0.8730568156085218,0,1,0,,-1,0,18.888338516725387
unit_010,19,2023Q4,South,742770,0.8029251100048438,0,1,0,,-1,0,16.506441741101323
unit_010,20,2024Q1,South,742770,1.8809581766383583,0,1,0,,-1,0,20.911623966683266
unit_010,21,2024Q2,South,742770,1.325285985476929,0,1,0,,-1,0,17.54894043392019
unit_010,22,2024Q3,South,742770,1.5084608367156147,0,1,0,,-1,0,18.865110447133482
unit_010,23,2024Q4,South,742770,1.700656884026405,0,1,0,,-1,0,18.363177682914024
unit_011,0,2019Q1,West,1920594,-0.13203863011900777,0,0,0,,-1,0,14.56148845383267
unit_011,1,2019Q2,West,1920594,-0.7079269969225321,0,0,0,,-1,0,14.613216619873217
unit_011,2,2019Q3,West,1920594,0.6835547136952869,0,0,0,,-1,0,15.415814199910676
unit_011,3,2019Q4,West,1920594,-0.0029488367097520035,0,0,0,,-1,0,14.95931181773506
unit_011,4,2020Q1,West,1920594,0.48045483845322157,0,0,0,,-1,0,14.299812039933963
unit_011,5,2020Q2,West,1920594,0.4726517160562809,0,0,0,,-1,0,15.296271515934867
unit_011,6,2020Q3,West,1920594,1.211853724548841,0,0,0,,-1,0,15.923013686814071
unit_011,7,2020Q4,West,1920594,1.2988756339060572,0,0,0,,-1,0,15.271179697464925
unit_011,8,2021Q1,West,1920594,1.0706556783952024,0,0,0,,-1,0,16.032244326773682
unit_011,9,2021Q2,West,1920594,0.7109484332615512,0,0,0,,-1,0,15.611037049106251
unit_011,10,2021Q3,West,1920594,1.5894965629052853,0,0,0,,-1,0,15.770653649882934
unit_011,11,2021Q4,West,1920594,0.7229280428048079,0,0,0,,-1,0,15.413950039686876
unit_011,12,2022Q1,West,1920594,1.1492668868368456,0,0,0,,-1,0,15.527511144236072
unit_011,13,2022Q2,West,1920594,1.5865592506244328,0,0,0,,-1,0,15.002244270360842
unit_011,14,2022Q3,West,1920594,1.199634551251988,0,1,0,,-1,0,16.506657450268367
unit_011,15,2022Q4,West,1920594,1.732163426354837,0,1,0,,-1,0,15.012116018551312
unit_011,16,2023Q1,West,1920594,2.339810382827072,0,1,0,,-1,0,17.731203680215483
unit_011,17,2023Q2,West,1920594,1.965258781601456,0,1,0,,-1,0,16.73128458710682
unit_011,18,2023Q3,West,1920594,2.6576477337242426,0,1,0,,-1,0,18.69021332313328
unit_011,19,2023Q4,West,1920594,3.3490257689536507,0,1,0,,-1,0,19.488093654511644
unit_011,20,2024Q1,West,1920594,2.8008110694559307,0,1,0,,-1,0,18.95089806455215
unit_011,21,2024Q2,West,1920594,3.1009865235345018,0,1,0,,-1,0,19.845203585855995
unit_011,22,2024Q3,West,1920594,3.4032187230120434,0,1,0,,-1,0,19.292973011608655
unit_011,23,2024Q4,West,1920594,2.9627223544838377,0,1,0,,-1,0,19.005318468260693
unit_012,0,2019Q1,Northeast,202670,0.43953366751765177,0,0,0,,-1,0,17.83697719933687
unit_012,1,2019Q2,Northeast,202670,0.15215889250275033,0,0,0,,-1,0,16.608444355406384
unit_012,2,2019Q3,Northeast,202670,0.5726800934594353,0,0,0,,-1,0,17.281721857939083
unit_012,3,2019Q4,Northeast,202670,0.945971843703967,0,0,0,,-1,0,16.343000894304353
unit_012,4,2020Q1,Northeast,202670,0.4734062986840925,0,0,0,,-1,0,17.2205437750337
unit_012,5,2020Q2,Northeast,202670,0.10062846076985488,0,0,0,,-1,0,16.9350622573219
unit_012,6,2020Q3,Northeast,202670,0.7424484245589313,0,0,0,,-1,0,17.90142658635881
unit_012,7,2020Q4,Northeast,202670,1.6022911271860978,0,0,0,,-1,0,18.390400107473642
unit_012,8,2021Q1,Northeast,202670,1.0019682630101017,0,0,0,,-1,0,18.059572385337976
unit_012,9,2021Q2,Northeast,202670,1.8799638326094776,0,0,0,,-1,0,17.907827970760728
unit_012,10,2021Q3,Northeast,202670,1.3440518557324985,0,0,0,,-1,0,18.575270790139644
unit_012,11,2021Q4,Northeast,202670,1.7352154245992253,0,0,0,,-1,0,18.87936204377679
unit_012,12,2022Q1,Northeast,202670,1.9579766879766516,0,0,0,,-1,0,19.1148869500912
unit_012,13,2022Q2,Northeast,202670,1.7504757251907812,0,0,0,,-1,0,18.60907167606344
unit_012,14,2022Q3,Northeast,202670,2.1890115600779008,0,1,0,,-1,0,18.25646888887039
unit_012,15,2022Q4,Northeast,202670,1.865535783350965,0,1,0,,-1,0,19.6487182914965
unit_012,16,2023Q1,Northeast,202670,2.4399197313287133,0,1,0,,-1,0,19.14491951690298
unit_012,17,2023Q2,Northeast,202670,2.679090437181839,0,1,0,,-1,0,21.145125906262702
unit_012,18,2023Q3,Northeast,202670,2.0644948192248327,0,1,0,,-1,0,19.239516303217638
unit_012,19,2023Q4,Northeast,202670,2.689742810441662,0,1,0,,-1,0,22.010174447177423
unit_012,20,2024Q1,Northeast,202670,3.2616585091267596,0,1,0,,-1,0,22.12807083080896
unit_012,21,2024Q2,Northeast,202670,2.913696743410825,0,1,0,,-1,0,20.734271402368833
unit_012,22,2024Q3,Northeast,202670,3.619487865957954,0,1,0,,-1,0,22.08543571531619
unit_012,23,2024Q4,Northeast,202670,3.8048116517074497,0,1,0,,-1,0,22.02116024524968
unit_013,0,2019Q1,Midwest,704903,0.6835726356183975,0,0,0,,-1,0,15.342481626589503
unit_013,1,2019Q2,Midwest,704903,1.0084409175390021,0,0,0,,-1,0,16.315601213772
unit_013,2,2019Q3,Midwest,704903,0.3192671333221586,0,0,0,,-1,0,14.01405879229094
unit_013,3,2019Q4,Midwest,704903,1.3868332205373057,0,0,0,,-1,0,17.350545690111787
unit_013,4,2020Q1,Midwest,704903,0.82900427452961,0,0,0,,-1,0,15.029808215080855
unit_013,5,2020Q2,Midwest,704903,1.3708845187117984,0,0,0,,-1,0,17.439840203872073
unit_013,6,2020Q3,Midwest,704903,2.115380414211288,0,0,0,,-1,0,17.66904912941953
unit_013,7,2020Q4,Midwest,704903,1.506121487554285,0,0,0,,-1,0,16.26452398851757
unit_013,8,2021Q1,Midwest,704903,1.7902302834440074,0,0,0,,-1,0,16.805148470901866
unit_013,9,2021Q2,Midwest,704903,1.5809485643541925,0,0,0,,-1,0,18.240042191273
unit_013,10,2021Q3,Midwest,704903,2.711031272084524,0,0,0,,-1,0,18.276983559377513
unit_013,11,2021Q4,Midwest,704903,1.9139246921260833,0,0,0,,-1,0,17.54261544252841
unit_013,12,2022Q1,Midwest,704903,2.6100915746835436,0,0,0,,-1,0,17.74611091212916
unit_013,13,2022Q2,Midwest,704903,2.9736051748246,0,0,0,,-1,0,18.228433140649432
unit_013,14,2022Q3,Midwest,704903,2.9452273140657956,0,1,0,,-1,0,18.395854516100727
unit_013,15,2022Q4,Midwest,704903,2.955499324160015,0,1,0,,-1,0,16.958937648240628
unit_013,16,2023Q1,Midwest,704903,3.015489708452973,0,1,0,,-1,0,18.156900493147916
unit_013,17,2023Q2,Midwest,704903,2.6882779961852705,0,1,0,,-1,0,19.83561230373872
unit_013,18,2023Q3,Midwest,704903,3.891370700669274,0,1,0,,-1,0,20.713777413844603
unit_013,19,2023Q4,Midwest,704903,3.5255470272588343,0,1,0,,-1,0,20.761169956122956
unit_013,20,2024Q1,Midwest,704903,3.590440944569917,0,1,0,,-1,0,20.236015817161686
unit_013,21,2024Q2,Midwest,704903,3.353507351697584,0,1,0,,-1,0,20.381805303361773
unit_013,22,2024Q3,Midwest,704903,3.907357406307824,0,1,0,,-1,0,19.635899042536334
unit_013,23,2024Q4,Midwest,704903,4.0183033422234695,0,1,0,,-1,0,20.57086387741949
unit_014,0,2019Q1,South,262471,1.340372988118479,0,0,1,-14.0,14,0,15.894075357815924
unit_014,1,2019Q2,South,262471,0.8652324834748681,0,0,1,-13.0,14,0,15.446962736669892
unit_014,2,2019Q3,South,262471,1.0267009121293242,0,0,1,-12.0,14,0,15.532126063804718
unit_014,3,2019Q4,South,262471,0.7823770607069546,0,0,1,-11.0,14,0,15.664549699917446
unit_014,4,2020Q1,South,262471,1.0500921899644755,0,0,1,-10.0,14,0,15.264097033128369
unit_014,5,2020Q2,South,262471,1.640154214884492,0,0,1,-9.0,14,0,16.921783460721034
unit_014,6,2020Q3,South,262471,0.9858789508140277,0,0,1,-8.0,14,0,16.19145611231227
unit_014,7,2020Q4,South,262471,2.109722064857828,0,0,1,-7.0,14,0,17.74306400079561
unit_014,8,2021Q1,South,262471,2.2702694748026886,0,0,1,-6.0,14,0,17.08383497360565
unit_014,9,2021Q2,South,262471,1.7654607150036523,0,0,1,-5.0,14,0,15.901138919601548
unit_014,10,2021Q3,South,262471,2.33183829645548,0,0,1,-4.0,14,0,17.23172373673608
unit_014,11,2021Q4,South,262471,2.8117924688546276,0,0,1,-3.0,14,0,18.01917568383246
unit_014,12,2022Q1,South,262471,2.4649465500069447,0,0,1,-2.0,14,0,16.177527019976154
unit_014,13,2022Q2,South,262471,2.5495392708390403,0,0,1,-1.0,14,0,17.697733327948537
unit_014,14,2022Q3,South,262471,2.7404974439065635,1,1,1,0.0,14,0,19.63427656080709
unit_014,15,2022Q4,South,262471,3.0497362650323194,1,1,1,1.0,14,0,20.1260835560774
unit_014,16,2023Q1,South,262471,2.891403450488974,1,1,1,2.0,14,0,20.87228532456597
unit_014,17,2023Q2,South,262471,3.1205291767476333,1,1,1,3.0,14,0,21.291672446216683
unit_014,18,2023Q3,South,262471,3.506847987791098,1,1,1,4.0,14,0,20.896609458571238
unit_014,19,2023Q4,South,262471,3.392792186439961,1,1,1,5.0,14,0,22.915882255335823
unit_014,20,2024Q1,South,262471,3.3044987503358545,1,1,1,6.0,14,0,20.611754714586418
unit_014,21,2024Q2,South,262471,3.209580776157976,1,1,1,7.0,14,0,22.226937533002424
unit_014,22,2024Q3,South,262471,4.022047627104299,1,1,1,8.0,14,0,22.765023678310552
unit_014,23,2024Q4,South,262471,4.586193019917831,1,1,1,9.0,14,0,21.374010683165547
unit_015,0,2019Q1,West,697719,0.9319240912507135,0,0,1,-14.0,14,0,16.126430386894803
unit_015,1,2019Q2,West,697719,0.5486239674878254,0,0,1,-13.0,14,0,14.84017053048405
unit_015,2,2019Q3,West,697719,0.8298350641699079,0,0,1,-12.0,14,0,14.973179494260883
unit_015,3,2019Q4,West,697719,1.1291555334418613,0,0,1,-11.0,14,0,17.06617896226457
unit_015,4,2020Q1,West,697719,2.036432571620557,0,0,1,-10.0,14,0,16.63697969610287
unit_015,5,2020Q2,West,697719,2.2101183101224895,0,0,1,-9.0,14,0,17.155397984340276
unit_015,6,2020Q3,West,697719,2.3071390945453034,0,0,1,-8.0,14,0,17.201109289332376
unit_015,7,2020Q4,West,697719,1.889217474316076,0,0,1,-7.0,14,0,17.258244997113028
unit_015,8,2021Q1,West,697719,3.1059460229785625,0,0,1,-6.0,14,0,18.347886853121825
unit_015,9,2021Q2,West,697719,1.895804649716913,0,0,1,-5.0,14,0,17.576329880283545
unit_015,10,2021Q3,West,697719,2.1667058472204057,0,0,1,-4.0,14,0,16.66418298051109
unit_015,11,2021Q4,West,697719,2.761357711162164,0,0,1,-3.0,14,0,17.37458045782739
unit_015,12,2022Q1,West,697719,2.690848805279057,0,0,1,-2.0,14,0,17.324855506748314
unit_015,13,2022Q2,West,697719,2.8611513295118276,0,0,1,-1.0,14,0,18.145680545625094
unit_015,14,2022Q3,West,697719,2.21540880875303,1,1,1,0.0,14,0,20.222350976599298
unit_015,15,2022Q4,West,697719,2.69964043825932,1,1,1,1.0,14,0,19.29185511625414
unit_015,16,2023Q1,West,697719,3.172903299849386,1,1,1,2.0,14,0,20.94676175728288
unit_015,17,2023Q2,West,697719,3.100620077599627,1,1,1,3.0,14,0,21.722449098277924
unit_015,18,2023Q3,West,697719,3.0235859269701075,1,1,1,4.0,14,0,21.114917489300883
unit_015,19,2023Q4,West,697719,3.438641287973375,1,1,1,5.0,14,0,21.939005554869688
unit_015,20,2024Q1,West,697719,3.890949734826459,1,1,1,6.0,14,0,21.81814863729086
unit_015,21,2024Q2,West,697719,4.196846172309605,1,1,1,7.0,14,0,22.960809554428444
unit_015,22,2024Q3,West,697719,3.4311660465407563,1,1,1,8.0,14,0,21.159131113208655
unit_015,23,2024Q4,West,697719,4.239035482674667,1,1,1,9.0,14,0,22.95729730874641
unit_016,0,2019Q1,Northeast,1924938,-0.3849221119995593,0,0,0,,-1,0,15.160910512019582
unit_016,1,2019Q2,Northeast,1924938,-0.11977912841987433,0,0,0,,-1,0,16.348489054345315
unit_016,2,2019Q3,Northeast,1924938,-0.4376117875695829,0,0,0,,-1,0,14.98435785878523
unit_016,3,2019Q4,Northeast,1924938,-0.28138842250902146,0,0,0,,-1,0,16.40099946744576
unit_016,4,2020Q1,Northeast,1924938,0.6870065102778183,0,0,0,,-1,0,16.762453721593527
unit_016,5,2020Q2,Northeast,1924938,-0.4743200177043166,0,0,0,,-1,0,15.282018480033353
unit_016,6,2020Q3,Northeast,1924938,0.25971207477295827,0,0,0,,-1,0,16.651138945383234
unit_016,7,2020Q4,Northeast,1924938,0.5583389082124082,0,0,0,,-1,0,17.28214858471141
unit_016,8,2021Q1,Northeast,1924938,0.7421637119637059,0,0,0,,-1,0,18.07349136996588
unit_016,9,2021Q2,Northeast,1924938,0.7646688707630832,0,0,0,,-1,0,16.681385253910317
unit_016,10,2021Q3,Northeast,1924938,1.318881366233724,0,0,0,,-1,0,16.495274554943737
unit_016,11,2021Q4,Northeast,1924938,1.437667024613563,0,0,0,,-1,0,17.664766415075334
unit_016,12,2022Q1,Northeast,1924938,1.3996700562802036,0,0,0,,-1,0,18.670088033265035
unit_016,13,2022Q2,Northeast,1924938,1.383502321898411,0,0,0,,-1,0,19.042044041330392
unit_016,14,2022Q3,Northeast,1924938,1.6723739205217276,0,1,0,,-1,0,17.01666213638633
unit_016,15,2022Q4,Northeast,1924938,1.9257467810997513,0,1,0,,-1,0,17.514838205680636
unit_016,16,2023Q1,Northeast,1924938,1.7881603810168374,0,1,0,,-1,0,18.70901461250821
unit_016,17,2023Q2,Northeast,1924938,2.395728658779106,0,1,0,,-1,0,18.683410293467812
unit_016,18,2023Q3,Northeast,1924938,2.6968667285178025,0,1,0,,-1,0,20.434114298238555
unit_016,19,2023Q4,Northeast,1924938,3.0039805425487147,0,1,0,,-1,0,20.492989131289065
unit_016,20,2024Q1,Northeast,1924938,3.128474976981557,0,1,0,,-1,0,19.15028132994155
unit_016,21,2024Q2,Northeast,1924938,2.6900076357316007,0,1,0,,-1,0,19.782807152295558
unit_016,22,2024Q3,Northeast,1924938,2.99300397914615,0,1,0,,-1,0,20.32629323261537
unit_016,23,2024Q4,Northeast,1924938,3.043119683069156,0,1,0,,-1,0,22.144667247412187
unit_017,0,2019Q1,Midwest,751539,-0.5217537214116995,0,0,0,,-1,0,15.125914413000284
unit_017,1,2019Q2,Midwest,751539,-0.3936460581380494,0,0,0,,-1,0,15.317501471952363
unit_017,2,2019Q3,Midwest,751539,-0.16024595451194215,0,0,0,,-1,0,16.073578705565748
unit_017,3,2019Q4,Midwest,751539,0.39550584477694467,0,0,0,,-1,0,17.58674180281813
unit_017,4,2020Q1,Midwest,751539,0.24601523600364122,0,0,0,,-1,0,17.005900853490935
unit_017,5,2020Q2,Midwest,751539,-0.11515437087951558,0,0,0,,-1,0,16.481143208316453
unit_017,6,2020Q3,Midwest,751539,0.7667495200446889,0,0,0,,-1,0,17.826790454706995
unit_017,7,2020Q4,Midwest,751539,0.6617116138137005,0,0,0,,-1,0,17.801927601713775
unit_017,8,2021Q1,Midwest,751539,0.9094165554832694,0,0,0,,-1,0,18.15009475341587
unit_017,9,2021Q2,Midwest,751539,0.9889239122704216,0,0,0,,-1,0,17.04021683695352
unit_017,10,2021Q3,Midwest,751539,1.155192647261991,0,0,0,,-1,0,15.260603228342847
unit_017,11,2021Q4,Midwest,751539,1.3216582150701999,0,0,0,,-1,0,14.796306745733506
unit_017,12,2022Q1,Midwest,751539,0.7344360147435363,0,0,0,,-1,0,17.255564748817626
unit_017,13,2022Q2,Midwest,751539,1.6547834753788113,0,0,0,,-1,0,16.755208732365688
unit_017,14,2022Q3,Midwest,751539,1.3884124926778043,0,1,0,,-1,0,18.45819784820111
unit_017,15,2022Q4,Midwest,751539,1.618237661284996,0,1,0,,-1,0,19.394239078630203
unit_017,16,2023Q1,Midwest,751539,1.9369762587237114,0,1,0,,-1,0,18.557190724420312
unit_017,17,2023Q2,Midwest,751539,2.653554246809945,0,1,0,,-1,0,19.11602172250719
unit_017,18,2023Q3,Midwest,751539,1.886827814093652,0,1,0,,-1,0,18.75917984366577
unit_017,19,2023Q4,Midwest,751539,2.375184449668901,0,1,0,,-1,0,18.504612639474825
unit_017,20,2024Q1,Midwest,751539,2.4481069823661445,0,1,0,,-1,0,19.26480106649569
unit_017,21,2024Q2,Midwest,751539,3.0111734223510345,0,1,0,,-1,0,20.40032284914215
unit_017,22,2024Q3,Midwest,751539,2.738669695133783,0,1,0,,-1,0,20.284617295321873
unit_017,23,2024Q4,Midwest,751539,3.0657409137775904,0,1,0,,-1,0,21.09210011011715
unit_018,0,2019Q1,South,1819903,0.5080766012228703,0,0,0,,-1,0,14.782330770513793
unit_018,1,2019Q2,South,1819903,1.3946136066480392,0,0,0,,-1,0,16.15865174981619
unit_018,2,2019Q3,South,1819903,0.662081148848248,0,0,0,,-1,0,16.643973365819573
unit_018,3,2019Q4,South,1819903,1.4701553133685943,0,0,0,,-1,0,16.120200070179543
unit_018,4,2020Q1,South,1819903,1.538294481669416,0,0,0,,-1,0,18.02797735371602
unit_018,5,2020Q2,South,1819903,1.739011139354346,0,0,0,,-1,0,18.28783268532124
unit_018,6,2020Q3,South,1819903,1.2664816969253916,0,0,0,,-1,0,17.88796370625238
unit_018,7,2020Q4,South,1819903,1.8020589654424977,0,0,0,,-1,0,17.70278764417114
unit_018,8,2021Q1,South,1819903,2.362670344554058,0,0,0,,-1,0,19.408566373702694
unit_018,9,2021Q2,South,1819903,2.8360054003672794,0,0,0,,-1,0,19.522461836980526
unit_018,10,2021Q3,South,1819903,2.3195689176865897,0,0,0,,-1,0,18.41565016276193
unit_018,11,2021Q4,South,1819903,2.7763638863816387,0,0,0,,-1,0,18.463306969247647
unit_018,12,2022Q1,South,1819903,2.7037433470261942,0,0,0,,-1,0,18.858717266597008
unit_018,13,2022Q2,South,1819903,2.7872269551480775,0,0,0,,-1,0,17.83653853072096
unit_018,14,2022Q3,South,1819903,2.812910308214603,0,1,0,,-1,0,18.891469619593202
unit_018,15,2022Q4,South,1819903,3.1090235331771385,0,1,0,,-1,0,19.039005789285778
unit_018,16,2023Q1,South,1819903,3.49250361602792,0,1,0,,-1,0,19.017990268860014
unit_018,17,2023Q2,South,1819903,3.672662738527586,0,1,0,,-1,0,19.94620002311426
unit_018,18,2023Q3,South,1819903,3.1257913008381357,0,1,0,,-1,0,20.648657352891707
unit_018,19,2023Q4,South,1819903,3.532715220942233,0,1,0,,-1,0,19.06142747893289
unit_018,20,2024Q1,South,1819903,3.492210582901948,0,1,0,,-1,0,19.771280328863497
unit_018,21,2024Q2,South,1819903,4.026236542787291,0,1,0,,-1,0,20.886254922885637
unit_018,22,2024Q3,South,1819903,4.040084692582947,0,1,0,,-1,0,21.701392358969102
unit_018,23,2024Q4,South,1819903,4.4269322576746,0,1,0,,-1,0,21.84908706584931
unit_019,0,2019Q1,West,1005279,-0.04786436481657247,0,0,0,,-1,0,15.557028398351909
unit_019,1,2019Q2,West,1005279,-0.7790879945037199,0,0,0,,-1,0,14.77126893443929
unit_019,2,2019Q3,West,1005279,-0.6543778474529308,0,0,0,,-1,0,15.514453672936492
unit_019,3,2019Q4,West,1005279,0.25707413483986424,0,0,0,,-1,0,17.16739951131316
unit_019,4,2020Q1,West,1005279,0.8243677125707773,0,0,0,,-1,0,17.242842159983418
unit_019,5,2020Q2,West,1005279,0.3835692980294702,0,0,0,,-1,0,17.372135925216465
unit_019,6,2020Q3,West,1005279,0.5239245020548753,0,0,0,,-1,0,17.25183617610359
unit_019,7,2020Q4,West,1005279,1.2038433860546538,0,0,0,,-1,0,17.345487788489695
unit_019,8,2021Q1,West,1005279,1.2906831988532603,0,0,0,,-1,0,18.232419442742597
unit_019,9,2021Q2,West,1005279,0.8245185391225975,0,0,0,,-1,0,18.04960781039524
unit_019,10,2021Q3,West,1005279,1.553193895998412,0,0,0,,-1,0,17.800824102915094
unit_019,11,2021Q4,West,1005279,1.1918824648087067,0,0,0,,-1,0,16.78752896916994
unit_019,12,2022Q1,West,1005279,1.4205137732023272,0,0,0,,-1,0,17.84768233181109
unit_019,13,2022Q2,West,1005279,1.4242268665278959,0,0,0,,-1,0,17.766896449694546
unit_019,14,2022Q3,West,1005279,1.474081240010948,0,1,0,,-1,0,17.41630642510738
unit_019,15,2022Q4,West,1005279,2.0970723892192877,0,1,0,,-1,0,19.822863471873976
unit_019,16,2023Q1,West,1005279,1.7266351956862562,0,1,0,,-1,0,19.123569937269544
unit_019,17,2023Q2,West,1005279,2.411140520013933,0,1,0,,-1,0,19.10857662343373
unit_019,18,2023Q3,West,1005279,2.5501174448042563,0,1,0,,-1,0,19.541862984991216
unit_019,19,2023Q4,West,1005279,2.604905888591679,0,1,0,,-1,0,20.6125798834197
unit_019,20,2024Q1,West,1005279,2.648930774639732,0,1,0,,-1,0,20.725229773060473
unit_019,21,2024Q2,West,1005279,2.7331671830438267,0,1,0,,-1,0,20.209986890326157
unit_019,22,2024Q3,West,1005279,2.7335087818168082,0,1,0,,-1,0,20.772244109920802
unit_019,23,2024Q4,West,1005279,3.7644897600426717,0,1,0,,-1,0,21.197702739622716
unit_020,0,2019Q1,Northeast,1408423,-1.3445963178842901,0,0,0,,-1,0,15.515185832498748
unit_020,1,2019Q2,Northeast,1408423,-1.2059387520812297,0,0,0,,-1,0,15.664328190403117
unit_020,2,2019Q3,Northeast,1408423,-1.2951936186895114,0,0,0,,-1,0,17.28208656664958
unit_020,3,2019Q4,Northeast,1408423,-0.3640317041284333,0,0,0,,-1,0,20.069461273271063
unit_020,4,2020Q1,Northeast,1408423,-0.8809911031127371,0,0,0,,-1,0,19.086877670168583
unit_020,5,2020Q2,Northeast,1408423,-0.4403729551973451,0,0,0,,-1,0,18.495337428924024
unit_020,6,2020Q3,Northeast,1408423,-0.2242782652337687,0,0,0,,-1,0,18.922926993298436
unit_020,7,2020Q4,Northeast,1408423,-0.18704781937364534,0,0,0,,-1,0,18.6613598263432
unit_020,8,2021Q1,Northeast,1408423,-0.5650247042675196,0,0,0,,-1,0,17.582209507498245
unit_020,9,2021Q2,Northeast,1408423,0.30294938581050745,0,0,0,,-1,0,18.934909990058568
unit_020,10,2021Q3,Northeast,1408423,0.015682561782419835,0,0,0,,-1,0,18.81965881253698
unit_020,11,2021Q4,Northeast,1408423,0.6525399651825476,0,0,0,,-1,0,19.22876898988178
unit_020,12,2022Q1,Northeast,1408423,0.29469444883773943,0,0,0,,-1,0,19.637880450296578
unit_020,13,2022Q2,Northeast,1408423,1.2270286027056492,0,0,0,,-1,0,19.702375306650232
unit_020,14,2022Q3,Northeast,1408423,1.1650959056325099,0,1,0,,-1,0,20.234969217523126
unit_020,15,2022Q4,Northeast,1408423,1.369848437403658,0,1,0,,-1,0,20.064317976606542
unit_020,16,2023Q1,Northeast,1408423,1.3337351431382871,0,1,0,,-1,0,20.192285493756142
unit_020,17,2023Q2,Northeast,1408423,0.8902454905706128,0,1,0,,-1,0,20.31515789029955
unit_020,18,2023Q3,Northeast,1408423,0.949778786767784,0,1,0,,-1,0,19.63498225084114
unit_020,19,2023Q4,Northeast,1408423,2.030561450394909,0,1,0,,-1,0,21.82457152929082
unit_020,20,2024Q1,Northeast,1408423,2.24490307805213,0,1,0,,-1,0,21.51318356671865
unit_020,21,2024Q2,Northeast,1408423,1.4710265822152095,0,1,0,,-1,0,21.31725226021175
unit_020,22,2024Q3,Northeast,1408423,2.0600246306962786,0,1,0,,-1,0,22.14543238197533
unit_020,23,2024Q4,Northeast,1408423,2.5711018442269236,0,1,0,,-1,0,22.315496827644072
unit_021,0,2019Q1,Midwest,931112,-1.010075148872457,0,0,1,-14.0,14,1,12.72896053823415
unit_021,1,2019Q2,Midwest,931112,-0.825676166688146,0,0,1,-13.0,14,1,14.135759788585442
unit_021,2,2019Q3,Midwest,931112,-1.0957218824030617,0,0,1,-12.0,14,1,14.395700093006667
unit_021,3,2019Q4,Midwest,931112,-0.7477487252838082,0,0,1,-11.0,14,1,15.172334051461247
unit_021,4,2020Q1,Midwest,931112,0.08668222079020849,0,0,1,-10.0,14,1,16.347335989704
unit_021,5,2020Q2,Midwest,931112,-0.46865085256554884,0,0,1,-9.0,14,1,15.012247208367421
unit_021,6,2020Q3,Midwest,931112,-0.5462597871962978,0,0,1,-8.0,14,1,16.570229930506155
unit_021,7,2020Q4,Midwest,931112,-0.32333565066530556,0,0,1,-7.0,14,1,18.089537451144263
unit_021,8,2021Q1,Midwest,931112,0.008984564607842797,0,0,1,-6.0,14,1,18.374392124088473
unit_021,9,2021Q2,Midwest,931112,0.23830940791414804,0,0,1,-5.0,14,1,17.71618529956469
unit_021,10,2021Q3,Midwest,931112,0.33563402929714403,0,0,1,-4.0,14,1,17.790248814804993
unit_021,11,2021Q4,Midwest,931112,1.11829103706397,0,0,1,-3.0,14,1,16.707222103850448
unit_021,12,2022Q1,Midwest,931112,-0.033828224557018394,0,0,1,-2.0,14,1,17.270821076792185
unit_021,13,2022Q2,Midwest,931112,0.8217975446746684,0,0,1,-1.0,14,1,19.17226706687964
unit_021,14,2022Q3,Midwest,931112,1.1322933053061357,1,1,1,0.0,14,1,20.934563298934922
unit_021,15,2022Q4,Midwest,931112,1.4733780786311361,1,1,1,1.0,14,1,22.48802305457722
unit_021,16,2023Q1,Midwest,931112,1.331133026941567,1,1,1,2.0,14,1,22.72963861730568
unit_021,17,2023Q2,Midwest,931112,1.5121386281977642,1,1,1,3.0,14,1,22.266170959747885
unit_021,18,2023Q3,Midwest,931112,1.8109486796465206,1,1,1,4.0,14,1,23.473006679611522
unit_021,19,2023Q4,Midwest,931112,1.7171817323605898,1,1,1,5.0,14,1,24.89748713444703
unit_021,20,2024Q1,Midwest,931112,1.0089075410074893,1,1,1,6.0,14,1,22.870594437557735
unit_021,21,2024Q2,Midwest,931112,1.60123813676549,1,1,1,7.0,14,1,24.54054309489445
unit_021,22,2024Q3,Midwest,931112,2.0775999265784084,1,1,1,8.0,14,1,24.503620092267344
unit_021,23,2024Q4,Midwest,931112,1.97190747468773,1,1,1,9.0,14,1,25.223936235432546
unit_022,0,2019Q1,South,553763,-0.0593538537750492,0,0,0,,-1,0,15.145796894267143
unit_022,1,2019Q2,South,553763,-0.9135645821912386,0,0,0,,-1,0,13.507430548731701
unit_022,2,2019Q3,South,553763,-1.0216736850175143,0,0,0,,-1,0,12.799404889289661
unit_022,3,2019Q4,South,553763,-0.5103603512445948,0,0,0,,-1,0,14.182683930559307
unit_022,4,2020Q1,South,553763,-0.3491499720833148,0,0,0,,-1,0,14.213929509204057
unit_022,5,2020Q2,South,553763,-0.4361433464102015,0,0,0,,-1,0,15.637132968066275
unit_022,6,2020Q3,South,553763,0.10872107322276667,0,0,0,,-1,0,16.327795976067602
unit_022,7,2020Q4,South,553763,-0.33162343045657433,0,0,0,,-1,0,16.387753508849862
unit_022,8,2021Q1,South,553763,0.00047362018774105286,0,0,0,,-1,0,16.39298828700574
unit_022,9,2021Q2,South,553763,0.4268241771820209,0,0,0,,-1,0,15.137240343660226
unit_022,10,2021Q3,South,553763,0.4698785173949729,0,0,0,,-1,0,16.219810716792303
unit_022,11,2021Q4,South,553763,0.9450855971644982,0,0,0,,-1,0,16.008251567854447
unit_022,12,2022Q1,South,553763,1.416670325708757,0,0,0,,-1,0,16.987558204549195
unit_022,13,2022Q2,South,553763,0.9407187732584752,0,0,0,,-1,0,16.43257781780503
unit_022,14,2022Q3,South,553763,1.857375433814254,0,1,0,,-1,0,17.89777202538226
unit_022,15,2022Q4,South,553763,0.9007477557105145,0,1,0,,-1,0,15.374871055478875
unit_022,16,2023Q1,South,553763,2.000269289355236,0,1,0,,-1,0,16.212308615661307
unit_022,17,2023Q2,South,553763,1.1676583173463007,0,1,0,,-1,0,16.36704342668354
unit_022,18,2023Q3,South,553763,1.9276270623144933,0,1,0,,-1,0,17.48104026751541
unit_022,19,2023Q4,South,553763,1.7028504468564314,0,1,0,,-1,0,17.310720224249135
unit_022,20,2024Q1,South,553763,1.8312297414539405,0,1,0,,-1,0,17.617596180573504
unit_022,21,2024Q2,South,553763,3.02911922104501,0,1,0,,-1,0,19.54670404340904
unit_022,22,2024Q3,South,553763,2.690913383040047,0,1,0,,-1,0,19.036604633605755
unit_022,23,2024Q4,South,553763,2.4654628769832714,0,1,0,,-1,0,18.910606531107046
unit_023,0,2019Q1,West,1535532,-0.4309371731679566,0,0,0,,-1,0,12.296419996589213
unit_023,1,2019Q2,West,1535532,0.013444206060625907,0,0,0,,-1,0,12.428074789902531
unit_023,2,2019Q3,West,1535532,0.3787851030494281,0,0,0,,-1,0,15.63171383111511
unit_023,3,2019Q4,West,1535532,0.9316080853572399,0,0,0,,-1,0,16.39884920333031
unit_023,4,2020Q1,West,1535532,1.2410046459690705,0,0,0,,-1,0,16.60632962479469
unit_023,5,2020Q2,West,1535532,0.9318467956971628,0,0,0,,-1,0,16.487985602279014
unit_023,6,2020Q3,West,1535532,1.652210725979785,0,0,0,,-1,0,16.33549136442984
unit_023,7,2020Q4,West,1535532,1.7429998737694223,0,0,0,,-1,0,17.22915743934706
unit_023,8,2021Q1,West,1535532,1.504817326658235,0,0,0,,-1,0,15.825017338669964
unit_023,9,2021Q2,West,1535532,1.4327158278893686,0,0,0,,-1,0,16.481584170635095
unit_023,10,2021Q3,West,1535532,2.1116141981300243,0,0,0,,-1,0,16.123132171184754
unit_023,11,2021Q4,West,1535532,2.1564656135178986,0,0,0,,-1,0,16.91971737986338
unit_023,12,2022Q1,West,1535532,2.513527494186619,0,0,0,,-1,0,17.68819958065445
unit_023,13,2022Q2,West,1535532,2.894104035323079,0,0,0,,-1,0,16.067010895098736
unit_023,14,2022Q3,West,1535532,3.186415917392072,0,1,0,,-1,0,16.597666463624886
unit_023,15,2022Q4,West,1535532,3.1128662284128135,0,1,0,,-1,0,17.084670291906676
unit_023,16,2023Q1,West,1535532,2.752908461593825,0,1,0,,-1,0,15.755278928203191
unit_023,17,2023Q2,West,1535532,2.987113165478042,0,1,0,,-1,0,16.385975265338786
unit_023,18,2023Q3,West,1535532,3.535715476598734,0,1,0,,-1,0,19.261996855159982
unit_023,19,2023Q4,West,1535532,3.0682418977999224,0,1,0,,-1,0,18.50251928633984
unit_023,20,2024Q1,West,1535532,3.2432737113509726,0,1,0,,-1,0,18.352701597841328
unit_023,21,2024Q2,West,1535532,3.918233890406644,0,1,0,,-1,0,19.55117269797908
unit_023,22,2024Q3,West,1535532,4.406037558729618,0,1,0,,-1,0,19.835625092663022
unit_023,23,2024Q4,West,1535532,4.296928460419835,0,1,0,,-1,0,20.361214870087252
unit_024,0,2019Q1,Northeast,1939277,0.42094803948104687,0,0,1,-14.0,14,0,15.204784924322087
unit_024,1,2019Q2,Northeast,1939277,0.27508014292751126,0,0,1,-13.0,14,0,15.815889990264026
unit_024,2,2019Q3,Northeast,1939277,0.14980574587453976,0,0,1,-12.0,14,0,16.76244059182667
unit_024,3,2019Q4,Northeast,1939277,0.8200128880229927,0,0,1,-11.0,14,0,17.598735661002365
unit_024,4,2020Q1,Northeast,1939277,1.2803637149417408,0,0,1,-10.0,14,0,18.870834500558992
unit_024,5,2020Q2,Northeast,1939277,0.7611950946233679,0,0,1,-9.0,14,0,18.04922944330294
unit_024,6,2020Q3,Northeast,1939277,0.8241654948301906,0,0,1,-8.0,14,0,17.99384979853727
unit_024,7,2020Q4,Northeast,1939277,0.9825134288789625,0,0,1,-7.0,14,0,19.2412321412907
unit_024,8,2021Q1,Northeast,1939277,1.4697200886906021,0,0,1,-6.0,14,0,18.190450530981714
unit_024,9,2021Q2,Northeast,1939277,1.910192236220297,0,0,1,-5.0,14,0,16.94882556125374
unit_024,10,2021Q3,Northeast,1939277,0.9374898278677138,0,0,1,-4.0,14,0,18.18828052771926
unit_024,11,2021Q4,Northeast,1939277,1.813589692911644,0,0,1,-3.0,14,0,18.168781310594326
unit_024,12,2022Q1,Northeast,1939277,1.478187099909073,0,0,1,-2.0,14,0,17.590337507297104
unit_024,13,2022Q2,Northeast,1939277,2.793654029711035,0,0,1,-1.0,14,0,19.293127845269677
unit_024,14,2022Q3,Northeast,1939277,2.3018230268705495,1,1,1,0.0,14,0,20.280202142866496
unit_024,15,2022Q4,Northeast,1939277,2.2543252379162775,1,1,1,1.0,14,0,19.177793656760386
unit_024,16,2023Q1,Northeast,1939277,2.632599883392971,1,1,1,2.0,14,0,21.74419105539954
unit_024,17,2023Q2,Northeast,1939277,2.14095897156085,1,1,1,3.0,14,0,20.664545125947555
unit_024,18,2023Q3,Northeast,1939277,2.4373131147888674,1,1,1,4.0,14,0,21.04091144462874
unit_024,19,2023Q4,Northeast,1939277,3.0111443054582305,1,1,1,5.0,14,0,21.063410233923268
unit_024,20,2024Q1,Northeast,1939277,3.3574203894955374,1,1,1,6.0,14,0,23.69091792075354
unit_024,21,2024Q2,Northeast,1939277,3.2045398302576458,1,1,1,7.0,14,0,21.690741679216934
unit_024,22,2024Q3,Northeast,1939277,3.0936792169697287,1,1,1,8.0,14,0,24.509924899512168
unit_024,23,2024Q4,Northeast,1939277,2.6201277378155647,1,1,1,9.0,14,0,23.28413862363215
unit_025,0,2019Q1,Midwest,549143,0.2774850816042276,0,0,0,,-1,0,16.59840009287636
unit_025,1,2019Q2,Midwest,549143,0.6041954708175568,0,0,0,,-1,0,17.02473260620138
unit_025,2,2019Q3,Midwest,549143,1.1883965007769508,0,0,0,,-1,0,18.90964095942928
unit_025,3,2019Q4,Midwest,549143,1.0694556737813885,0,0,0,,-1,0,18.27393473540733
unit_025,4,2020Q1,Midwest,549143,0.7707159363731657,0,0,0,,-1,0,19.033258940281826
unit_025,5,2020Q2,Midwest,549143,1.1743072572427906,0,0,0,,-1,0,18.342129782602957
unit_025,6,2020Q3,Midwest,549143,1.5826986258705444,0,0,0,,-1,0,18.0507902156273
unit_025,7,2020Q4,Midwest,549143,1.8205548641928966,0,0,0,,-1,0,19.993158793378026
unit_025,8,2021Q1,Midwest,549143,1.9930121922918203,0,0,0,,-1,0,18.21943434579219
unit_025,9,2021Q2,Midwest,549143,1.9971521010523874,0,0,0,,-1,0,19.673464178835854
unit_025,10,2021Q3,Midwest,549143,1.5331892859797005,0,0,0,,-1,0,17.87463230350525
unit_025,11,2021Q4,Midwest,549143,2.6472756154963,0,0,0,,-1,0,19.3130815800358
unit_025,12,2022Q1,Midwest,549143,2.6346754078121317,0,0,0,,-1,0,20.231660401891205
unit_025,13,2022Q2,Midwest,549143,2.8044788265449387,0,0,0,,-1,0,19.393319203856027
unit_025,14,2022Q3,Midwest,549143,3.7392462885941824,0,1,0,,-1,0,19.387826696203
unit_025,15,2022Q4,Midwest,549143,2.661226386801295,0,1,0,,-1,0,19.2509172849387
unit_025,16,2023Q1,Midwest,549143,3.2441322143538813,0,1,0,,-1,0,19.191932263778867
unit_025,17,2023Q2,Midwest,549143,2.8791463972235714,0,1,0,,-1,0,21.269829986879977
unit_025,18,2023Q3,Midwest,549143,3.504880568703576,0,1,0,,-1,0,19.947512800941084
unit_025,19,2023Q4,Midwest,549143,3.861060959865628,0,1,0,,-1,0,21.04997962399238
unit_025,20,2024Q1,Midwest,549143,3.6019768478565273,0,1,0,,-1,0,21.780547166494337
unit_025,21,2024Q2,Midwest,549143,3.3883265601866768,0,1,0,,-1,0,21.879668471487104
unit_025,22,2024Q3,Midwest,549143,4.6600195367738815,0,1,0,,-1,0,23.09421502691391
unit_025,23,2024Q4,Midwest,549143,4.008811117743555,0,1,0,,-1,0,22.200061175800684
unit_026,0,2019Q1,South,1564139,-0.5708716370073226,0,0,1,-14.0,14,0,13.81735777408567
unit_026,1,2019Q2,South,1564139,-0.40948493280192944,0,0,1,-13.0,14,0,15.256110227024166
unit_026,2,2019Q3,South,1564139,-0.7338758324596784,0,0,1,-12.0,14,0,15.527537070202607
unit_026,3,2019Q4,South,1564139,-0.1101429301364307,0,0,1,-11.0,14,0,16.07037535195007
unit_026,4,2020Q1,South,1564139,-0.22169841490683656,0,0,1,-10.0,14,0,17.054755054013057
unit_026,5,2020Q2,South,1564139,0.7587195897236213,0,0,1,-9.0,14,0,17.70656800517313
unit_026,6,2020Q3,South,1564139,-0.057416817864273106,0,0,1,-8.0,14,0,17.22315671336478
unit_026,7,2020Q4,South,1564139,0.7644466343359639,0,0,1,-7.0,14,0,16.057404404229207
unit_026,8,2021Q1,South,1564139,0.7642432693436803,0,0,1,-6.0,14,0,17.322615020996807
unit_026,9,2021Q2,South,1564139,1.1173736995015684,0,0,1,-5.0,14,0,17.220734565618177
unit_026,10,2021Q3,South,1564139,1.1746783495600486,0,0,1,-4.0,14,0,17.919256667821685
unit_026,11,2021Q4,South,1564139,1.6518592221322037,0,0,1,-3.0,14,0,14.944795314543352
unit_026,12,2022Q1,South,1564139,1.2616438594702768,0,0,1,-2.0,14,0,16.381690982522628
unit_026,13,2022Q2,South,1564139,0.9095128532090259,0,0,1,-1.0,14,0,16.566469007555042
unit_026,14,2022Q3,South,1564139,2.109812574007143,1,1,1,0.0,14,0,18.692098606720716
unit_026,15,2022Q4,South,1564139,1.940487682204921,1,1,1,1.0,14,0,18.80971986987662
unit_026,16,2023Q1,South,1564139,1.7375781453755788,1,1,1,2.0,14,0,20.579386450002307
unit_026,17,2023Q2,South,1564139,1.9328521166243269,1,1,1,3.0,14,0,20.35401017264268
unit_026,18,2023Q3,South,1564139,1.61782101304212,1,1,1,4.0,14,0,21.52605211734225
unit_026,19,2023Q4,South,1564139,2.6336757098707406,1,1,1,5.0,14,0,21.26664965624052
unit_026,20,2024Q1,South,1564139,2.774188632163429,1,1,1,6.0,14,0,20.95240217945673
unit_026,21,2024Q2,South,1564139,3.1366331132768956,1,1,1,7.0,14,0,22.359311728507954
unit_026,22,2024Q3,South,1564139,2.8013230233965136,1,1,1,8.0,14,0,22.336323490523313
unit_026,23,2024Q4,South,1564139,2.819519362702511,1,1,1,9.0,14,0,23.39582711987037
unit_027,0,2019Q1,West,544445,0.24810708861319222,0,0,0,,-1,0,14.122863561235947
unit_027,1,2019Q2,West,544445,0.3054615497567642,0,0,0,,-1,0,14.5973732439304
unit_027,2,2019Q3,West,544445,0.3119426307029508,0,0,0,,-1,0,16.339689128700403
unit_027,3,2019Q4,West,544445,0.05976404532603974,0,0,0,,-1,0,15.985688280669276
unit_027,4,2020Q1,West,544445,1.2373072988290539,0,0,0,,-1,0,15.66742606611341
unit_027,5,2020Q2,West,544445,1.6887854547713048,0,0,0,,-1,0,17.5250396677601
unit_027,6,2020Q3,West,544445,1.3984383434647332,0,0,0,,-1,0,16.788788510062762
unit_027,7,2020Q4,West,544445,1.1325105357001777,0,0,0,,-1,0,16.43946643852562
unit_027,8,2021Q1,West,544445,1.4952253997885452,0,0,0,,-1,0,17.67065646458018
unit_027,9,2021Q2,West,544445,1.571999667328211,0,0,0,,-1,0,15.880866414990285
unit_027,10,2021Q3,West,544445,1.9470891629114573,0,0,0,,-1,0,17.140992898617068
unit_027,11,2021Q4,West,544445,2.0376705260334393,0,0,0,,-1,0,16.81286444479847
unit_027,12,2022Q1,West,544445,1.8637148455214814,0,0,0,,-1,0,15.313025341309217
unit_027,13,2022Q2,West,544445,1.804671990352441,0,0,0,,-1,0,14.655008060211875
unit_027,14,2022Q3,West,544445,2.341471705117797,0,1,0,,-1,0,16.083137871423578
unit_027,15,2022Q4,West,544445,2.2545439944913164,0,1,0,,-1,0,14.14020311657089
unit_027,16,2023Q1,West,544445,2.1219785766837553,0,1,0,,-1,0,17.15990880472893
unit_027,17,2023Q2,West,544445,2.4759205910546185,0,1,0,,-1,0,17.219644017037492
unit_027,18,2023Q3,West,544445,2.3717997905853743,0,1,0,,-1,0,18.346069750948764
unit_027,19,2023Q4,West,544445,2.9581300100575776,0,1,0,,-1,0,18.399234992831786
unit_027,20,2024Q1,West,544445,3.9725626182353038,0,1,0,,-1,0,20.385273272411013
unit_027,21,2024Q2,West,544445,3.201241723626244,0,1,0,,-1,0,18.824613962880708
unit_027,22,2024Q3,West,544445,3.344598937044878,0,1,0,,-1,0,20.02107166331216
unit_027,23,2024Q4,West,544445,3.571711244088909,0,1,0,,-1,0,19.755581325670544
unit_028,0,2019Q1,Northeast,1442273,1.1391038317155013,0,0,0,,-1,0,14.202864763895706
unit_028,1,2019Q2,Northeast,1442273,1.5804465765303983,0,0,0,,-1,0,15.18596299880051
unit_028,2,2019Q3,Northeast,1442273,1.5504518319459912,0,0,0,,-1,0,15.904099912319053
unit_028,3,2019Q4,Northeast,1442273,1.4126265946046432,0,0,0,,-1,0,15.554089692580469
unit_028,4,2020Q1,Northeast,1442273,0.9267746660617426,0,0,0,,-1,0,16.465048176759485
unit_028,5,2020Q2,Northeast,1442273,1.7215840288301971,0,0,0,,-1,0,16.954232291961667
unit_028,6,2020Q3,Northeast,1442273,1.0753527266880427,0,0,0,,-1,0,15.672542950056089
unit_028,7,2020Q4,Northeast,1442273,1.1760926532021523,0,0,0,,-1,0,15.426475170179444
unit_028,8,2021Q1,Northeast,1442273,1.8639102697738172,0,0,0,,-1,0,17.746934051180418
unit_028,9,2021Q2,Northeast,1442273,1.9708948685436534,0,0,0,,-1,0,15.20507863260296
unit_028,10,2021Q3,Northeast,1442273,2.058824232850245,0,0,0,,-1,0,16.44440091379661
unit_028,11,2021Q4,Northeast,1442273,3.0091899565462406,0,0,0,,-1,0,15.875607949995945
unit_028,12,2022Q1,Northeast,1442273,2.288853233057618,0,0,0,,-1,0,17.39544473364589
unit_028,13,2022Q2,Northeast,1442273,2.7330828134386285,0,0,0,,-1,0,16.75418530253367
unit_028,14,2022Q3,Northeast,1442273,2.765694946925694,0,1,0,,-1,0,16.60655316882131
unit_028,15,2022Q4,Northeast,1442273,3.1477537295648244,0,1,0,,-1,0,16.189768379173568
unit_028,16,2023Q1,Northeast,1442273,3.3329108965852066,0,1,0,,-1,0,16.18213918478654
unit_028,17,2023Q2,Northeast,1442273,3.290519184458375,0,1,0,,-1,0,17.620964064327723
unit_028,18,2023Q3,Northeast,1442273,3.109887813100099,0,1,0,,-1,0,17.822458337186912
unit_028,19,2023Q4,Northeast,1442273,3.2577013405343935,0,1,0,,-1,0,17.680733020478606
unit_028,20,2024Q1,Northeast,1442273,3.5018252344025615,0,1,0,,-1,0,18.30304845876685
unit_028,21,2024Q2,Northeast,1442273,3.8885695063999735,0,1,0,,-1,0,18.953364387200587
unit_028,22,2024Q3,Northeast,1442273,4.174782352014205,0,1,0,,-1,0,19.45642565782667
unit_028,23,2024Q4,Northeast,1442273,3.8773871735139838,0,1,0,,-1,0,19.87462091901325
unit_029,0,2019Q1,Midwest,1584342,0.15445481538595518,0,0,0,,-1,0,15.669601769720616
unit_029,1,2019Q2,Midwest,1584342,-0.2334533706107764,0,0,0,,-1,0,16.10536876247208
unit_029,2,2019Q3,Midwest,1584342,-0.7468638612856291,0,0,0,,-1,0,15.955924278335011
unit_029,3,2019Q4,Midwest,1584342,0.8397834225114285,0,0,0,,-1,0,17.61345972836816
unit_029,4,2020Q1,Midwest,1584342,0.314423069489029,0,0,0,,-1,0,17.960415466949005
unit_029,5,2020Q2,Midwest,1584342,0.7541152954397825,0,0,0,,-1,0,16.723363299292895
unit_029,6,2020Q3,Midwest,1584342,0.001839191652902139,0,0,0,,-1,0,17.88544960395495
unit_029,7,2020Q4,Midwest,1584342,0.49044666361563327,0,0,0,,-1,0,18.930240495439566
unit_029,8,2021Q1,Midwest,1584342,0.7803424238199332,0,0,0,,-1,0,16.674373822130885
unit_029,9,2021Q2,Midwest,1584342,0.5968485893843625,0,0,0,,-1,0,15.722334627365473
unit_029,10,2021Q3,Midwest,1584342,1.1087095222307422,0,0,0,,-1,0,17.543089214717643
unit_029,11,2021Q4,Midwest,1584342,1.1920915118560973,0,0,0,,-1,0,18.1891356671801
unit_029,12,2022Q1,Midwest,1584342,1.9101354030606041,0,0,0,,-1,0,17.546173445076708
unit_029,13,2022Q2,Midwest,1584342,0.893510676662862,0,0,0,,-1,0,17.303925547674776
unit_029,14,2022Q3,Midwest,1584342,1.9850295402577631,0,1,0,,-1,0,17.79670844345655
unit_029,15,2022Q4,Midwest,1584342,2.2841713725376023,0,1,0,,-1,0,17.1023623716866
unit_029,16,2023Q1,Midwest,1584342,2.79371784544456,0,1,0,,-1,0,17.859736814707876
unit_029,17,2023Q2,Midwest,1584342,2.5028814848000605,0,1,0,,-1,0,17.560686322654824
unit_029,18,2023Q3,Midwest,1584342,2.0650608197352436,0,1,0,,-1,0,19.999322198604307
unit_029,19,2023Q4,Midwest,1584342,2.449338522229464,0,1,0,,-1,0,20.291868468141626
unit_029,20,2024Q1,Midwest,1584342,2.773587846331498,0,1,0,,-1,0,20.344100414442217
unit_029,21,2024Q2,Midwest,1584342,3.3180010740062027,0,1,0,,-1,0,21.048675444859864
unit_029,22,2024Q3,Midwest,1584342,2.367395122632547,0,1,0,,-1,0,20.378628940747006
unit_029,23,2024Q4,Midwest,1584342,3.3335705653253545,0,1,0,,-1,0,22.0660706816134
unit_030,0,2019Q1,South,915242,-0.09169515002499184,0,0,1,-14.0,14,0,14.914983715672363
unit_030,1,2019Q2,South,915242,0.40317276533662516,0,0,1,-13.0,14,0,16.073546679070688
unit_030,2,2019Q3,South,915242,0.2752054815468685,0,0,1,-12.0,14,0,16.380291247178725
unit_030,3,2019Q4,South,915242,0.6517615677165769,0,0,1,-11.0,14,0,18.112309883431976
unit_030,4,2020Q1,South,915242,1.3399676964039968,0,0,1,-10.0,14,0,18.31196762215031
unit_030,5,2020Q2,South,915242,1.0695613090026554,0,0,1,-9.0,14,0,18.585802537925836
unit_030,6,2020Q3,South,915242,1.0709739499479602,0,0,1,-8.0,14,0,17.776638929769106
unit_030,7,2020Q4,South,915242,1.1776978144334107,0,0,1,-7.0,14,0,18.141559501830063
unit_030,8,2021Q1,South,915242,1.2495594076301166,0,0,1,-6.0,14,0,18.55374200265339
unit_030,9,2021Q2,South,915242,2.062175723381709,0,0,1,-5.0,14,0,17.575224531579565
unit_030,10,2021Q3,South,915242,1.9655702864830231,0,0,1,-4.0,14,0,18.14714924034392
unit_030,11,2021Q4,South,915242,2.226303277495292,0,0,1,-3.0,14,0,18.15347576195056
unit_030,12,2022Q1,South,915242,1.7480154895813405,0,0,1,-2.0,14,0,16.72599279877083
unit_030,13,2022Q2,South,915242,2.417073489012152,0,0,1,-1.0,14,0,18.981892658013884
unit_030,14,2022Q3,South,915242,1.7818096576923605,1,1,1,0.0,14,0,20.254086731253725
unit_030,15,2022Q4,South,915242,3.1231429394080865,1,1,1,1.0,14,0,20.990088815268024
unit_030,16,2023Q1,South,915242,3.0493461111666655,1,1,1,2.0,14,0,20.855244536019722
unit_030,17,2023Q2,South,915242,2.964997067810504,1,1,1,3.0,14,0,20.575543972011637
unit_030,18,2023Q3,South,915242,2.3362550796108055,1,1,1,4.0,14,0,22.44105820240364
unit_030,19,2023Q4,South,915242,2.962027012853857,1,1,1,5.0,14,0,22.42567387125532
unit_030,20,2024Q1,South,915242,2.9715204489128437,1,1,1,6.0,14,0,22.28184497125145
unit_030,21,2024Q2,South,915242,3.5459320425242957,1,1,1,7.0,14,0,23.595063939535322
unit_030,22,2024Q3,South,915242,3.8890650868555556,1,1,1,8.0,14,0,24.997235889099855
unit_030,23,2024Q4,South,915242,4.019072613771024,1,1,1,9.0,14,0,25.14961839214144
unit_031,0,2019Q1,West,1481731,-0.10970706934049113,0,0,0,,-1,0,14.461710975989496
unit_031,1,2019Q2,West,1481731,-0.5311531442376725,0,0,0,,-1,0,16.327526885150313
unit_031,2,2019Q3,West,1481731,0.08066299220166145,0,0,0,,-1,0,15.519112306400553
unit_031,3,2019Q4,West,1481731,-0.3212503456462058,0,0,0,,-1,0,17.71249033030679
unit_031,4,2020Q1,West,1481731,0.11590174575302156,0,0,0,,-1,0,17.57163967530171
unit_031,5,2020Q2,West,1481731,0.011884416231218886,0,0,0,,-1,0,17.33656509200853
unit_031,6,2020Q3,West,1481731,0.3389507310149621,0,0,0,,-1,0,17.71514964833995
unit_031,7,2020Q4,West,1481731,0.3731715415677933,0,0,0,,-1,0,17.886437811741516
unit_031,8,2021Q1,West,1481731,0.300749023960624,0,0,0,,-1,0,17.943781587046118
unit_031,9,2021Q2,West,1481731,1.7080596858787453,0,0,0,,-1,0,16.940469057966368
unit_031,10,2021Q3,West,1481731,0.9514784423998417,0,0,0,,-1,0,16.822249580253917
unit_031,11,2021Q4,West,1481731,1.1901649610650862,0,0,0,,-1,0,17.22339023846082
unit_031,12,2022Q1,West,1481731,1.4047232298482106,0,0,0,,-1,0,17.90685447135971
unit_031,13,2022Q2,West,1481731,1.3554214501522122,0,0,0,,-1,0,17.714170823199606
unit_031,14,2022Q3,West,1481731,0.6175697961073117,0,1,0,,-1,0,17.570222788873263
unit_031,15,2022Q4,West,1481731,1.7193458120956677,0,1,0,,-1,0,18.098282258146618
unit_031,16,2023Q1,West,1481731,1.311117548238816,0,1,0,,-1,0,16.815433739153463
unit_031,17,2023Q2,West,1481731,1.9391524618840195,0,1,0,,-1,0,18.233541835548543
unit_031,18,2023Q3,West,1481731,2.1371480647368446,0,1,0,,-1,0,19.654791214651507
unit_031,19,2023Q4,West,1481731,1.5702469485773516,0,1,0,,-1,0,19.76155806444567
unit_031,20,2024Q1,West,1481731,2.340972727418623,0,1,0,,-1,0,19.96915810228293
unit_031,21,2024Q2,West,1481731,1.973183726898637,0,1,0,,-1,0,20.684347416503922
unit_031,22,2024Q3,West,1481731,1.7931363110724856,0,1,0,,-1,0,21.016773302892236
unit_031,23,2024Q4,West,1481731,2.2658370165178012,0,1,0,,-1,0,21.117465334381855
unit_032,0,2019Q1,Northeast,566315,-0.40476293962984394,0,0,0,,-1,0,14.430147333168081
unit_032,1,2019Q2,Northeast,566315,-0.27558315571993336,0,0,0,,-1,0,13.820939456887716
unit_032,2,2019Q3,Northeast,566315,-0.24036479015499282,0,0,0,,-1,0,15.808393880590314
unit_032,3,2019Q4,Northeast,566315,0.2746500926482409,0,0,0,,-1,0,15.48968651783506
unit_032,4,2020Q1,Northeast,566315,0.1541899064473485,0,0,0,,-1,0,14.96539264833624
unit_032,5,2020Q2,Northeast,566315,0.5229121237329676,0,0,0,,-1,0,15.294352286866657
unit_032,6,2020Q3,Northeast,566315,0.8000749164773377,0,0,0,,-1,0,16.852344410828156
unit_032,7,2020Q4,Northeast,566315,1.522379283285801,0,0,0,,-1,0,16.358683567500584
unit_032,8,2021Q1,Northeast,566315,0.8010144215707067,0,0,0,,-1,0,17.685162366960515
unit_032,9,2021Q2,Northeast,566315,1.4039325275369232,0,0,0,,-1,0,16.01091812936985
unit_032,10,2021Q3,Northeast,566315,1.2153347533656351,0,0,0,,-1,0,16.024755159236847
unit_032,11,2021Q4,Northeast,566315,1.3856307070228833,0,0,0,,-1,0,15.317859198977322
unit_032,12,2022Q1,Northeast,566315,1.405684012489671,0,0,0,,-1,0,14.453349335463063
unit_032,13,2022Q2,Northeast,566315,1.6342393615887567,0,0,0,,-1,0,15.910472752551188
unit_032,14,2022Q3,Northeast,566315,1.6573493590095691,0,1,0,,-1,0,14.506137592965935
unit_032,15,2022Q4,Northeast,566315,2.23293230543294,0,1,0,,-1,0,16.453149033790865
unit_032,16,2023Q1,Northeast,566315,1.7828408692395863,0,1,0,,-1,0,16.047198388692365
unit_032,17,2023Q2,Northeast,566315,1.6617118624612846,0,1,0,,-1,0,15.908092607097172
unit_032,18,2023Q3,Northeast,566315,2.148712182209929,0,1,0,,-1,0,18.343284562075375
unit_032,19,2023Q4,Northeast,566315,2.263119966624312,0,1,0,,-1,0,18.57476645793768
unit_032,20,2024Q1,Northeast,566315,2.4485354824333756,0,1,0,,-1,0,18.962623423636604
unit_032,21,2024Q2,Northeast,566315,2.7374577276845975,0,1,0,,-1,0,20.05208832008224
unit_032,22,2024Q3,Northeast,566315,2.749762185058433,0,1,0,,-1,0,18.693645793121828
unit_032,23,2024Q4,Northeast,566315,2.6032639924576566,0,1,0,,-1,0,19.52790628472607
unit_033,0,2019Q1,Midwest,186129,-0.8189088837356475,0,0,0,,-1,0,14.75635646098137
unit_033,1,2019Q2,Midwest,186129,-0.3947567516986563,0,0,0,,-1,0,17.028159351926234
unit_033,2,2019Q3,Midwest,186129,-0.6899380022963253,0,0,0,,-1,0,15.9073523432818
unit_033,3,2019Q4,Midwest,186129,-0.32652145222531326,0,0,0,,-1,0,16.15936049964949
unit_033,4,2020Q1,Midwest,186129,0.26775892167086135,0,0,0,,-1,0,15.634112845962349
unit_033,5,2020Q2,Midwest,186129,0.45115124687748054,0,0,0,,-1,0,18.921679580863046
unit_033,6,2020Q3,Midwest,186129,0.3595587015726633,0,0,0,,-1,0,17.74871673491093
unit_033,7,2020Q4,Midwest,186129,1.0269846985955606,0,0,0,,-1,0,17.762188713631513
unit_033,8,2021Q1,Midwest,186129,0.6149260400156518,0,0,0,,-1,0,15.762651863956256
unit_033,9,2021Q2,Midwest,186129,1.1926088577899114,0,0,0,,-1,0,17.314997617107547
unit_033,10,2021Q3,Midwest,186129,0.7638227580158143,0,0,0,,-1,0,16.839677669413508
unit_033,11,2021Q4,Midwest,186129,1.0639739811195073,0,0,0,,-1,0,16.243192147708218
unit_033,12,2022Q1,Midwest,186129,1.6304640106397186,0,0,0,,-1,0,15.797324177484933
unit_033,13,2022Q2,Midwest,186129,1.9348224561274863,0,0,0,,-1,0,15.836149870363567
unit_033,14,2022Q3,Midwest,186129,1.4863166130773287,0,1,0,,-1,0,17.90874214849008
unit_033,15,2022Q4,Midwest,186129,2.2628362725765188,0,1,0,,-1,0,17.340811206627542
unit_033,16,2023Q1,Midwest,186129,1.6890765305762452,0,1,0,,-1,0,16.887578893824163
unit_033,17,2023Q2,Midwest,186129,2.193908466106665,0,1,0,,-1,0,18.093998672507016
unit_033,18,2023Q3,Midwest,186129,2.286457280632584,0,1,0,,-1,0,18.665732985143723
unit_033,19,2023Q4,Midwest,186129,2.393230817604881,0,1,0,,-1,0,18.330568104606694
unit_033,20,2024Q1,Midwest,186129,2.4374833462453798,0,1,0,,-1,0,20.559574249472828
unit_033,21,2024Q2,Midwest,186129,2.28934510185878,0,1,0,,-1,0,20.15651136239009
unit_033,22,2024Q3,Midwest,186129,2.6313482309318754,0,1,0,,-1,0,20.930119573673462
unit_033,23,2024Q4,Midwest,186129,2.9322404926282846,0,1,0,,-1,0,22.271829211774627
unit_034,0,2019Q1,South,219890,-1.0185355416224509,0,0,0,,-1,0,13.336668907913335
unit_034,1,2019Q2,South,219890,-0.8109098415242453,0,0,0,,-1,0,14.475925232451631
unit_034,2,2019Q3,South,219890,-1.0977883755711764,0,0,0,,-1,0,15.642641696942164
unit_034,3,2019Q4,South,219890,-0.9179512424945868,0,0,0,,-1,0,16.662281974089115
unit_034,4,2020Q1,South,219890,-0.866918167118728,0,0,0,,-1,0,15.99563542188539
unit_034,5,2020Q2,South,219890,-0.6755694583308778,0,0,0,,-1,0,16.348739896649423
unit_034,6,2020Q3,South,219890,0.08887739885269474,0,0,0,,-1,0,17.69846250065784
unit_034,7,2020Q4,South,219890,0.45264073831518525,0,0,0,,-1,0,18.93770890467702
unit_034,8,2021Q1,South,219890,-0.3565906067653586,0,0,0,,-1,0,16.60114766080289
unit_034,9,2021Q2,South,219890,-0.2575097564142413,0,0,0,,-1,0,15.719650510671737
unit_034,10,2021Q3,South,219890,0.08363147582147606,0,0,0,,-1,0,15.371331463543704
unit_034,11,2021Q4,South,219890,0.08599980889651548,0,0,0,,-1,0,15.675378229095605
unit_034,12,2022Q1,South,219890,0.17830890797571775,0,0,0,,-1,0,16.182191719512538
unit_034,13,2022Q2,South,219890,0.43294661631483033,0,0,0,,-1,0,17.617359716165144
unit_034,14,2022Q3,South,219890,0.7461757965734221,0,1,0,,-1,0,15.959692826564549
unit_034,15,2022Q4,South,219890,0.600790939847848,0,1,0,,-1,0,17.233171014178925
unit_034,16,2023Q1,South,219890,1.595985592691981,0,1,0,,-1,0,17.272821223046847
unit_034,17,2023Q2,South,219890,0.8827794623381122,0,1,0,,-1,0,17.25039751096844
unit_034,18,2023Q3,South,219890,1.111659488304921,0,1,0,,-1,0,18.85192788588898
unit_034,19,2023Q4,South,219890,1.9373785105595709,0,1,0,,-1,0,19.0274379447512
unit_034,20,2024Q1,South,219890,0.9514288722743975,0,1,0,,-1,0,18.188276087702754
unit_034,21,2024Q2,South,219890,2.1948767504709155,0,1,0,,-1,0,20.999556244791794
unit_034,22,2024Q3,South,219890,2.4923697884332063,0,1,0,,-1,0,19.562897998946347
unit_034,23,2024Q4,South,219890,2.3597036617954763,0,1,0,,-1,0,21.47861212867188
unit_035,0,2019Q1,West,910636,-0.093444967168204,0,0,0,,-1,0,15.030641723027774
unit_035,1,2019Q2,West,910636,0.7328173201935415,0,0,0,,-1,0,15.995793354976593
unit_035,2,2019Q3,West,910636,0.1387158313951613,0,0,0,,-1,0,16.181360628888125
unit_035,3,2019Q4,West,910636,0.8224155801963233,0,0,0,,-1,0,17.238819983166092
unit_035,4,2020Q1,West,910636,0.8897574818868075,0,0,0,,-1,0,17.420199645903644
unit_035,5,2020Q2,West,910636,1.2230752819641395,0,0,0,,-1,0,18.429625302037397
unit_035,6,2020Q3,West,910636,1.2804231137857482,0,0,0,,-1,0,17.866628191599727
unit_035,7,2020Q4,West,910636,1.569296394174642,0,0,0,,-1,0,16.831788812622463
unit_035,8,2021Q1,West,910636,1.853934775314842,0,0,0,,-1,0,18.070659850818885
unit_035,9,2021Q2,West,910636,1.8508652150947282,0,0,0,,-1,0,18.375811490731547
unit_035,10,2021Q3,West,910636,1.303487045268695,0,0,0,,-1,0,15.583854483151775
unit_035,11,2021Q4,West,910636,2.2328038266488135,0,0,0,,-1,0,17.22725090458353
unit_035,12,2022Q1,West,910636,2.3465344109027577,0,0,0,,-1,0,16.744955967424964
unit_035,13,2022Q2,West,910636,2.6694962667695576,0,0,0,,-1,0,17.835789778663514
unit_035,14,2022Q3,West,910636,2.7563662836686165,0,1,0,,-1,0,17.128807154930065
unit_035,15,2022Q4,West,910636,1.999281195120541,0,1,0,,-1,0,17.60179606032679
unit_035,16,2023Q1,West,910636,3.3145775139617393,0,1,0,,-1,0,18.769353890701527
unit_035,17,2023Q2,West,910636,2.729097631206954,0,1,0,,-1,0,18.92997698986481
unit_035,18,2023Q3,West,910636,3.4881578785720873,0,1,0,,-1,0,20.635023566446705
unit_035,19,2023Q4,West,910636,3.0303340073057967,0,1,0,,-1,0,19.6936149515209
unit_035,20,2024Q1,West,910636,3.748517698685791,0,1,0,,-1,0,20.91981631573791
unit_035,21,2024Q2,West,910636,3.2459078200676355,0,1,0,,-1,0,21.305691319274594
unit_035,22,2024Q3,West,910636,3.98950405262089,0,1,0,,-1,0,21.8841348023012
unit_035,23,2024Q4,West,910636,4.013827205298562,0,1,0,,-1,0,21.818845673574113
unit_036,0,2019Q1,Northeast,1808126,0.047995287297896816,0,0,0,,-1,0,15.341029041967198
unit_036,1,2019Q2,Northeast,1808126,-0.5249646071700464,0,0,0,,-1,0,16.242101064248132
unit_036,2,2019Q3,Northeast,1808126,0.13823156949258852,0,0,0,,-1,0,16.20188841829903
unit_036,3,2019Q4,Northeast,1808126,-0.4780062026206276,0,0,0,,-1,0,15.900820934260485
unit_036,4,2020Q1,Northeast,1808126,0.14204098863592088,0,0,0,,-1,0,17.27538591985986
unit_036,5,2020Q2,Northeast,1808126,0.1460051212910053,0,0,0,,-1,0,18.677186179420648
unit_036,6,2020Q3,Northeast,1808126,0.20605770752327976,0,0,0,,-1,0,18.390630378007575
unit_036,7,2020Q4,Northeast,1808126,0.47582939208417346,0,0,0,,-1,0,18.69017937373377
unit_036,8,2021Q1,Northeast,1808126,0.8968924833690791,0,0,0,,-1,0,17.702202494630775
unit_036,9,2021Q2,Northeast,1808126,0.8215695461071176,0,0,0,,-1,0,18.49104371998087
unit_036,10,2021Q3,Northeast,1808126,1.16827956438621,0,0,0,,-1,0,16.620824574924885
unit_036,11,2021Q4,Northeast,1808126,1.41006398120726,0,0,0,,-1,0,16.660997836772477
unit_036,12,2022Q1,Northeast,1808126,1.8249772342836281,0,0,0,,-1,0,18.17746602805771
unit_036,13,2022Q2,Northeast,1808126,1.5820575763687164,0,0,0,,-1,0,17.331463274075748
unit_036,14,2022Q3,Northeast,1808126,1.5574363701876792,0,1,0,,-1,0,17.7706537636053
unit_036,15,2022Q4,Northeast,1808126,1.6508253004855546,0,1,0,,-1,0,17.78581609855644
unit_036,16,2023Q1,Northeast,1808126,2.235774688079084,0,1,0,,-1,0,18.028150358137154
unit_036,17,2023Q2,Northeast,1808126,1.8649302008005328,0,1,0,,-1,0,17.88308875298341
unit_036,18,2023Q3,Northeast,1808126,1.8580321986531156,0,1,0,,-1,0,18.040664768982783
unit_036,19,2023Q4,Northeast,1808126,2.6360377359527116,0,1,0,,-1,0,21.7062575639859
unit_036,20,2024Q1,Northeast,1808126,3.029462790011883,0,1,0,,-1,0,20.119364060456668
unit_036,21,2024Q2,Northeast,1808126,2.934296794841946,0,1,0,,-1,0,22.648134251282826
unit_036,22,2024Q3,Northeast,1808126,2.6707141665387435,0,1,0,,-1,0,21.864259695494916
unit_036,23,2024Q4,Northeast,1808126,2.2778350920156414,0,1,0,,-1,0,21.869400442601922
unit_037,0,2019Q1,Midwest,281326,-0.35975178657446366,0,0,0,,-1,0,15.130581612963761
unit_037,1,2019Q2,Midwest,281326,-0.3839269040384206,0,0,0,,-1,0,15.990097920444137
unit_037,2,2019Q3,Midwest,281326,0.6710735551270288,0,0,0,,-1,0,16.325074266057864
unit_037,3,2019Q4,Midwest,281326,0.0645712152340353,0,0,0,,-1,0,15.43450709377686
unit_037,4,2020Q1,Midwest,281326,0.5192493818013755,0,0,0,,-1,0,17.142463070117376
unit_037,5,2020Q2,Midwest,281326,0.21963732440586836,0,0,0,,-1,0,17.805167959727587
unit_037,6,2020Q3,Midwest,281326,0.7550044850750601,0,0,0,,-1,0,17.03791347703784
unit_037,7,2020Q4,Midwest,281326,0.868393776753531,0,0,0,,-1,0,18.411463155490694
unit_037,8,2021Q1,Midwest,281326,1.423522049042015,0,0,0,,-1,0,17.609788217232378
unit_037,9,2021Q2,Midwest,281326,1.5791808751903857,0,0,0,,-1,0,16.603007730441945
unit_037,10,2021Q3,Midwest,281326,1.5238236539821481,0,0,0,,-1,0,17.093122804863494
unit_037,11,2021Q4,Midwest,281326,1.498051340753133,0,0,0,,-1,0,16.946723379045135
unit_037,12,2022Q1,Midwest,281326,1.5393424096021293,0,0,0,,-1,0,16.80698178922048
unit_037,13,2022Q2,Midwest,281326,2.1556446887636396,0,0,0,,-1,0,14.743301739554017
unit_037,14,2022Q3,Midwest,281326,2.529101114956229,0,1,0,,-1,0,15.00438643024535
unit_037,15,2022Q4,Midwest,281326,2.0468769597830434,0,1,0,,-1,0,17.827269374073836
unit_037,16,2023Q1,Midwest,281326,2.301443764889333,0,1,0,,-1,0,16.68871549874076
unit_037,17,2023Q2,Midwest,281326,2.1796861471268527,0,1,0,,-1,0,18.91016622016125
unit_037,18,2023Q3,Midwest,281326,2.039967533035664,0,1,0,,-1,0,19.50838641585147
unit_037,19,2023Q4,Midwest,281326,2.843208384062886,0,1,0,,-1,0,19.024750594096965
unit_037,20,2024Q1,Midwest,281326,2.8084038434217455,0,1,0,,-1,0,19.685240966931527
unit_037,21,2024Q2,Midwest,281326,3.465672939028172,0,1,0,,-1,0,21.78604182283984
unit_037,22,2024Q3,Midwest,281326,2.710787721871071,0,1,0,,-1,0,20.798192606223832
unit_037,23,2024Q4,Midwest,281326,3.1603791369071903,0,1,0,,-1,0,22.40506050996693
unit_038,0,2019Q1,South,927879,0.008211967561661648,0,0,0,,-1,0,16.961795504324854
unit_038,1,2019Q2,South,927879,0.6190935000749809,0,0,0,,-1,0,16.05459963273792
unit_038,2,2019Q3,South,927879,0.5437006945026617,0,0,0,,-1,0,16.825788204783684
unit_038,3,2019Q4,South,927879,0.48463021820048185,0,0,0,,-1,0,17.864566428603347
unit_038,4,2020Q1,South,927879,0.6509762161637638,0,0,0,,-1,0,16.67152553412839
unit_038,5,2020Q2,South,927879,1.0978598941090483,0,0,0,,-1,0,17.338852054928473
unit_038,6,2020Q3,South,927879,1.1174903550822766,0,0,0,,-1,0,17.91198326260719
unit_038,7,2020Q4,South,927879,1.2258210336968742,0,0,0,,-1,0,19.798926519932067
unit_038,8,2021Q1,South,927879,1.7004907074152589,0,0,0,,-1,0,18.544158663721138
unit_038,9,2021Q2,South,927879,1.2090072551861057,0,0,0,,-1,0,17.20204492077258
unit_038,10,2021Q3,South,927879,2.056102579385438,0,0,0,,-1,0,17.103597937932953
unit_038,11,2021Q4,South,927879,2.448568654137204,0,0,0,,-1,0,16.909425138101263
unit_038,12,2022Q1,South,927879,2.1805185113530974,0,0,0,,-1,0,16.96102737396924
unit_038,13,2022Q2,South,927879,2.4882588896895794,0,0,0,,-1,0,17.075001909460433
unit_038,14,2022Q3,South,927879,2.485933889431081,0,1,0,,-1,0,17.486354413091572
unit_038,15,2022Q4,South,927879,2.4737109438189533,0,1,0,,-1,0,18.289136483480842
unit_038,16,2023Q1,South,927879,2.9641825900990075,0,1,0,,-1,0,18.66524134304787
unit_038,17,2023Q2,South,927879,2.8800862421942233,0,1,0,,-1,0,19.800600497467453
unit_038,18,2023Q3,South,927879,3.098204673570945,0,1,0,,-1,0,19.797158989076195
unit_038,19,2023Q4,South,927879,3.367388169366753,0,1,0,,-1,0,21.996575874864135
unit_038,20,2024Q1,South,927879,3.0116219860984876,0,1,0,,-1,0,21.67315763160655
unit_038,21,2024Q2,South,927879,2.968136752472572,0,1,0,,-1,0,21.69651151152
unit_038,22,2024Q3,South,927879,4.3320256485689645,0,1,0,,-1,0,23.05537005797795
unit_038,23,2024Q4,South,927879,3.990465436394836,0,1,0,,-1,0,22.206381479987055
unit_039,0,2019Q1,West,1416943,0.45739769620093806,0,0,1,-14.0,14,0,15.282907080343698
unit_039,1,2019Q2,West,1416943,0.3214393632539697,0,0,1,-13.0,14,0,15.79464756699273
unit_039,2,2019Q3,West,1416943,0.8159645822491979,0,0,1,-12.0,14,0,16.338219664370623
unit_039,3,2019Q4,West,1416943,0.6143325387903046,0,0,1,-11.0,14,0,16.225047460888458
unit_039,4,2020Q1,West,1416943,1.1832849351610577,0,0,1,-10.0,14,0,18.200459400362153
unit_039,5,2020Q2,West,1416943,1.2776123315127252,0,0,1,-9.0,14,0,18.647545776226636
unit_039,6,2020Q3,West,1416943,1.3772848490081988,0,0,1,-8.0,14,0,18.22648964074892
unit_039,7,2020Q4,West,1416943,1.602874275003091,0,0,1,-7.0,14,0,17.798215477164412
unit_039,8,2021Q1,West,1416943,1.4607435361845673,0,0,1,-6.0,14,0,18.974745631544963
unit_039,9,2021Q2,West,1416943,1.6383483330812159,0,0,1,-5.0,14,0,16.676769437003486
unit_039,10,2021Q3,West,1416943,2.0984346142374815,0,0,1,-4.0,14,0,17.2311626138873
unit_039,11,2021Q4,West,1416943,1.6048541343663296,0,0,1,-3.0,14,0,17.204526255881746
unit_039,12,2022Q1,West,1416943,2.213563074657152,0,0,1,-2.0,14,0,15.845591891895339
unit_039,13,2022Q2,West,1416943,2.8126056160537996,0,0,1,-1.0,14,0,17.771344214732075
unit_039,14,2022Q3,West,1416943,2.1039414788481743,1,1,1,0.0,14,0,20.44515132896219
unit_039,15,2022Q4,West,1416943,2.927110254958112,1,1,1,1.0,14,0,20.087367251338275
unit_039,16,2023Q1,West,1416943,3.403107757997567,1,1,1,2.0,14,0,21.002034572464737
unit_039,17,2023Q2,West,1416943,2.9867020997435327,1,1,1,3.0,14,0,20.73256104205542
unit_039,18,2023Q3,West,1416943,3.3501788297874215,1,1,1,4.0,14,0,22.4064749980598
unit_039,19,2023Q4,West,1416943,3.3016692249913433,1,1,1,5.0,14,0,22.109942486197856
unit_039,20,2024Q1,West,1416943,3.49200662498807,1,1,1,6.0,14,0,23.29109728278079
unit_039,21,2024Q2,West,1416943,3.1298151644729737,1,1,1,7.0,14,0,22.49346787877103
unit_039,22,2024Q3,West,1416943,3.944334858613363,1,1,1,8.0,14,0,22.509288063773575
unit_039,23,2024Q4,West,1416943,3.968424860466385,1,1,1,9.0,14,0,24.09919630035333
