date,ticker,close
2023-01-03,SPY,99.8247
2023-01-04,SPY,101.2455
2023-01-05,SPY,101.1261
2023-01-06,SPY,102.6682
2023-01-09,SPY,102.4586
2023-01-10,SPY,103.1353
2023-01-11,SPY,100.5397
2023-01-12,SPY,99.1389
2023-01-13,SPY,98.7957
2023-01-16,SPY,99.1406
2023-01-17,SPY,99.1464
2023-01-18,SPY,99.0988
2023-01-19,SPY,100.9013
2023-01-20,SPY,100.5105
2023-01-23,SPY,101.8307
2023-01-24,SPY,101.3255
2023-01-25,SPY,100.6265
2023-01-26,SPY,100.2447
2023-01-27,SPY,99.6742
2023-01-30,SPY,101.0998
2023-01-31,SPY,102.3167
2023-02-01,SPY,102.7785
2023-02-02,SPY,101.8507
2023-02-03,SPY,103.2363
2023-02-06,SPY,104.9474
2023-02-07,SPY,104.9617
2023-02-08,SPY,104.838
2023-02-09,SPY,106.748
2023-02-10,SPY,106.517
2023-02-13,SPY,107.3341
2023-02-14,SPY,107.2299
2023-02-15,SPY,105.0927
2023-02-16,SPY,105.1771
2023-02-17,SPY,106.3071
2023-02-20,SPY,106.6901
2023-02-21,SPY,106.9444
2023-02-22,SPY,106.2563
2023-02-23,SPY,104.1978
2023-02-24,SPY,103.1968
2023-02-27,SPY,104.3974
2023-02-28,SPY,104.8808
2023-03-01,SPY,104.4809
2023-03-02,SPY,102.9482
2023-03-03,SPY,101.8896
2023-03-06,SPY,101.6917
2023-03-07,SPY,101.5944
2023-03-08,SPY,103.4625
2023-03-09,SPY,103.0631
2023-03-10,SPY,103.4494
2023-03-13,SPY,105.6186
2023-03-14,SPY,105.4271
2023-03-15,SPY,104.8299
2023-03-16,SPY,104.7167
2023-03-17,SPY,103.7295
2023-03-20,SPY,105.5469
2023-03-21,SPY,105.6737
2023-03-22,SPY,104.7988
2023-03-23,SPY,105.2608
2023-03-24,SPY,104.1713
2023-03-27,SPY,103.3251
2023-03-28,SPY,100.8646
2023-03-29,SPY,101.8767
2023-03-30,SPY,100.7887
2023-03-31,SPY,101.7314
2023-04-03,SPY,101.0454
2023-04-04,SPY,99.3794
2023-04-05,SPY,97.7531
2023-04-06,SPY,99.2224
2023-04-07,SPY,101.7107
2023-04-10,SPY,102.7757
2023-04-11,SPY,103.1157
2023-04-12,SPY,102.5472
2023-04-13,SPY,102.221
2023-04-14,SPY,100.7228
2023-04-17,SPY,101.3841
2023-04-18,SPY,100.0685
2023-04-19,SPY,100.0849
2023-04-20,SPY,101.135
2023-04-21,SPY,103.7454
2023-04-24,SPY,104.1129
2023-04-25,SPY,104.0708
2023-04-26,SPY,103.3282
2023-04-27,SPY,104.6351
2023-04-28,SPY,104.5258
2023-05-01,SPY,103.6269
2023-05-02,SPY,103.3595
2023-05-03,SPY,103.7241
2023-05-04,SPY,104.0483
2023-05-05,SPY,104.9651
2023-05-08,SPY,107.4247
2023-05-09,SPY,108.435
2023-05-10,SPY,108.9335
2023-05-11,SPY,107.624
2023-05-12,SPY,108.3477
2023-05-15,SPY,107.9973
2023-05-16,SPY,108.8079
2023-05-17,SPY,109.3367
2023-05-18,SPY,108.7978
2023-05-19,SPY,108.067
2023-05-22,SPY,105.6589
2023-05-23,SPY,104.0398
2023-05-24,SPY,105.0225
2023-05-25,SPY,106.5026
2023-05-26,SPY,106.8621
2023-05-29,SPY,107.3056
2023-05-30,SPY,108.315
2023-05-31,SPY,108.7928
2023-06-01,SPY,106.6479
2023-06-02,SPY,108.0904
2023-06-05,SPY,108.8364
2023-06-06,SPY,109.6051
2023-06-07,SPY,109.3051
2023-06-08,SPY,109.1039
2023-06-09,SPY,108.66
2023-06-12,SPY,109.7383
2023-06-13,SPY,111.4499
2023-06-14,SPY,113.239
2023-06-15,SPY,110.85
2023-06-16,SPY,111.2432
2023-06-19,SPY,111.6453
2023-06-20,SPY,110.4389
2023-06-21,SPY,109.1971
2023-06-22,SPY,110.8922
2023-06-23,SPY,112.1628
2023-06-26,SPY,112.3246
2023-06-27,SPY,112.1714
2023-06-28,SPY,110.3451
2023-06-29,SPY,111.0761
2023-06-30,SPY,112.7644
2023-07-03,SPY,113.5335
2023-07-04,SPY,110.5914
2023-07-05,SPY,110.5989
2023-07-06,SPY,112.4477
2023-07-07,SPY,113.6093
2023-07-10,SPY,112.258
2023-07-11,SPY,112.828
2023-07-12,SPY,111.718
2023-07-13,SPY,112.0946
2023-07-14,SPY,110.4424
2023-07-17,SPY,110.2841
2023-07-18,SPY,109.1223
2023-07-19,SPY,109.7047
2023-07-20,SPY,110.1411
2023-07-21,SPY,110.7599
2023-07-24,SPY,110.8969
2023-07-25,SPY,108.7783
2023-07-26,SPY,108.1691
2023-07-27,SPY,107.4489
2023-07-28,SPY,106.0339
2023-07-31,SPY,105.4294
2023-08-01,SPY,106.4299
2023-08-02,SPY,105.1581
2023-08-03,SPY,104.2783
2023-08-04,SPY,105.588
2023-08-07,SPY,104.8532
2023-08-08,SPY,104.3661
2023-08-09,SPY,104.5973
2023-08-10,SPY,103.9106
2023-08-11,SPY,104.5109
2023-08-14,SPY,105.3111
2023-08-15,SPY,105.9801
2023-08-16,SPY,104.8471
2023-08-17,SPY,104.663
2023-08-18,SPY,104.3925
2023-08-21,SPY,104.5902
2023-08-22,SPY,105.2986
2023-08-23,SPY,105.4119
2023-08-24,SPY,106.9662
2023-08-25,SPY,104.6954
2023-08-28,SPY,104.8272
2023-08-29,SPY,104.963
2023-08-30,SPY,104.0771
2023-08-31,SPY,104.7596
2023-09-01,SPY,103.3109
2023-09-04,SPY,102.7546
2023-09-05,SPY,104.7574
2023-09-06,SPY,104.4914
2023-09-07,SPY,103.5422
2023-09-08,SPY,104.3502
2023-09-11,SPY,103.509
2023-09-12,SPY,103.9708
2023-09-13,SPY,102.0812
2023-09-14,SPY,102.5903
2023-09-15,SPY,102.512
2023-09-18,SPY,102.3341
2023-09-19,SPY,100.2503
2023-09-20,SPY,100.9907
2023-09-21,SPY,100.516
2023-09-22,SPY,101.0722
2023-09-25,SPY,102.2742
2023-09-26,SPY,103.6006
2023-09-27,SPY,101.7544
2023-09-28,SPY,100.2974
2023-09-29,SPY,102.133
2023-10-02,SPY,102.7136
2023-10-03,SPY,103.5158
2023-10-04,SPY,102.9195
2023-10-05,SPY,101.7227
2023-10-06,SPY,101.6833
2023-10-09,SPY,101.607
2023-10-10,SPY,101.8387
2023-10-11,SPY,102.1217
2023-10-12,SPY,103.1683
2023-10-13,SPY,104.1189
2023-10-16,SPY,104.2114
2023-10-17,SPY,103.9181
2023-10-18,SPY,103.119
2023-10-19,SPY,103.8864
2023-10-20,SPY,105.1716
2023-10-23,SPY,105.3841
2023-10-24,SPY,107.858
2023-10-25,SPY,106.3572
2023-10-26,SPY,107.645
2023-10-27,SPY,108.0557
2023-10-30,SPY,107.2387
2023-10-31,SPY,106.6925
2023-11-01,SPY,106.3894
2023-11-02,SPY,106.9771
2023-11-03,SPY,107.6418
2023-11-06,SPY,107.2295
2023-11-07,SPY,106.4692
2023-11-08,SPY,106.0695
2023-11-09,SPY,104.5158
2023-11-10,SPY,105.0714
2023-11-13,SPY,104.6456
2023-11-14,SPY,105.4744
2023-11-15,SPY,107.1316
2023-11-16,SPY,105.7781
2023-11-17,SPY,103.339
2023-11-20,SPY,103.3119
2023-11-21,SPY,103.1223
2023-11-22,SPY,101.7368
2023-11-23,SPY,102.2294
2023-11-24,SPY,103.4312
2023-11-27,SPY,103.6171
2023-11-28,SPY,105.1974
2023-11-29,SPY,107.2867
2023-11-30,SPY,108.9341
2023-12-01,SPY,107.9835
2023-12-04,SPY,106.4555
2023-12-05,SPY,107.6448
2023-12-06,SPY,109.4146
2023-12-07,SPY,108.1135
2023-12-08,SPY,108.7512
2023-12-11,SPY,109.6052
2023-12-12,SPY,109.655
2023-12-13,SPY,110.1411
2023-12-14,SPY,111.2145
2023-12-15,SPY,108.9617
2023-12-18,SPY,109.0425
2023-12-19,SPY,108.8186
2023-12-20,SPY,110.6632
2023-12-21,SPY,109.2978
2023-12-22,SPY,109.3971
2023-12-25,SPY,108.5039
2023-12-26,SPY,108.2737
2023-12-27,SPY,107.0453
2023-12-28,SPY,107.356
2023-12-29,SPY,106.0856
2024-01-01,SPY,104.3258
2024-01-02,SPY,103.9546
2024-01-03,SPY,104.7557
2024-01-04,SPY,106.5277
2024-01-05,SPY,103.7533
2024-01-08,SPY,103.6565
2024-01-09,SPY,102.9347
2024-01-10,SPY,104.5447
2024-01-11,SPY,104.0095
2024-01-12,SPY,104.7193
2024-01-15,SPY,103.016
2024-01-16,SPY,103.7595
2024-01-17,SPY,103.0937
2024-01-18,SPY,104.4543
2024-01-19,SPY,104.1272
2024-01-22,SPY,105.1531
2024-01-23,SPY,105.0427
2024-01-24,SPY,102.9649
2024-01-25,SPY,103.6244
2024-01-26,SPY,105.1561
2024-01-29,SPY,103.7987
2024-01-30,SPY,102.3445
2024-01-31,SPY,101.6414
2024-02-01,SPY,103.5121
2024-02-02,SPY,105.4046
2024-02-05,SPY,106.2131
2024-02-06,SPY,107.615
2024-02-07,SPY,106.9693
2024-02-08,SPY,106.7465
2024-02-09,SPY,108.5062
2024-02-12,SPY,108.6114
2024-02-13,SPY,108.9253
2024-02-14,SPY,110.6734
2024-02-15,SPY,109.7527
2024-02-16,SPY,108.8978
2024-02-19,SPY,108.0634
2024-02-20,SPY,108.8956
2024-02-21,SPY,108.7464
2024-02-22,SPY,110.2934
2024-02-23,SPY,110.5663
2024-02-26,SPY,112.4931
2024-02-27,SPY,112.9292
2024-02-28,SPY,112.7509
2024-02-29,SPY,111.7957
2024-03-01,SPY,111.083
2024-03-04,SPY,111.5817
2024-03-05,SPY,109.7402
2024-03-06,SPY,108.4698
2024-03-07,SPY,109.5082
2024-03-08,SPY,109.9568
2024-03-11,SPY,110.0667
2024-03-12,SPY,111.5337
2024-03-13,SPY,112.3266
2024-03-14,SPY,112.4234
2024-03-15,SPY,113.1976
2024-03-18,SPY,113.1343
2024-03-19,SPY,113.2787
2024-03-20,SPY,111.495
2024-03-21,SPY,111.9307
2024-03-22,SPY,112.6836
2024-03-25,SPY,113.1397
2024-03-26,SPY,112.6961
2024-03-27,SPY,111.2653
2024-03-28,SPY,110.9794
2024-03-29,SPY,111.8415
2024-04-01,SPY,111.7329
2024-04-02,SPY,109.6674
2024-04-03,SPY,110.7204
2024-04-04,SPY,108.8702
2024-04-05,SPY,111.389
2024-04-08,SPY,111.0876
2024-04-09,SPY,111.8253
2024-04-10,SPY,114.3703
2024-04-11,SPY,112.2575
2024-04-12,SPY,113.3127
2024-04-15,SPY,113.1467
2024-04-16,SPY,114.8953
2024-04-17,SPY,117.0486
2024-04-18,SPY,116.0171
2024-04-19,SPY,116.131
2024-04-22,SPY,114.2373
2024-04-23,SPY,114.1444
2024-04-24,SPY,112.3897
2024-04-25,SPY,112.2126
2024-04-26,SPY,112.3657
2024-04-29,SPY,111.8312
2024-04-30,SPY,111.5753
2024-05-01,SPY,111.0255
2024-05-02,SPY,109.232
2024-05-03,SPY,109.4047
2024-05-06,SPY,109.7705
2024-05-07,SPY,110.2262
2024-05-08,SPY,109.2643
2024-05-09,SPY,109.9332
2024-05-10,SPY,109.0464
2024-05-13,SPY,110.594
2024-05-14,SPY,109.2239
2024-05-15,SPY,108.2735
2024-05-16,SPY,107.7142
2024-05-17,SPY,109.3934
2024-05-20,SPY,109.4383
2024-05-21,SPY,109.4994
2024-05-22,SPY,111.7494
2024-05-23,SPY,113.2491
2024-05-24,SPY,114.1385
2024-05-27,SPY,116.9853
2024-05-28,SPY,115.8324
2024-05-29,SPY,115.4133
2024-05-30,SPY,116.2821
2024-05-31,SPY,116.1197
2024-06-03,SPY,118.4565
2024-06-04,SPY,119.7204
2024-06-05,SPY,120.6215
2024-06-06,SPY,119.8191
2024-06-07,SPY,119.2789
2024-06-10,SPY,117.5971
2024-06-11,SPY,120.5456
2024-06-12,SPY,120.4399
2024-06-13,SPY,118.8817
2024-06-14,SPY,116.4822
2024-06-17,SPY,116.3988
2024-06-18,SPY,117.2491
2024-06-19,SPY,118.3528
2024-06-20,SPY,117.7708
2024-06-21,SPY,120.8663
2024-06-24,SPY,123.519
2024-06-25,SPY,125.4366
2024-06-26,SPY,128.4088
2024-06-27,SPY,126.2552
2024-06-28,SPY,126.9001
2024-07-01,SPY,128.4937
2024-07-02,SPY,128.4828
2024-07-03,SPY,130.2384
2024-07-04,SPY,129.773
2024-07-05,SPY,129.014
2024-07-08,SPY,130.283
2024-07-09,SPY,129.4964
2024-07-10,SPY,128.9946
2024-07-11,SPY,129.2076
2024-07-12,SPY,129.483
2024-07-15,SPY,128.7472
2024-07-16,SPY,129.251
2024-07-17,SPY,128.7001
2024-07-18,SPY,130.823
2024-07-19,SPY,131.0978
2024-07-22,SPY,130.8198
2024-07-23,SPY,133.5952
2024-07-24,SPY,131.3584
2024-07-25,SPY,129.4852
2024-07-26,SPY,127.8697
2024-07-29,SPY,129.4366
2024-07-30,SPY,129.5033
2024-07-31,SPY,128.6361
2024-08-01,SPY,131.3503
2024-08-02,SPY,132.3216
2024-08-05,SPY,132.4758
2024-08-06,SPY,132.9224
2024-08-07,SPY,132.846
2024-08-08,SPY,131.5218
2024-08-09,SPY,132.0182
2024-08-12,SPY,130.3667
2024-08-13,SPY,130.0328
2024-08-14,SPY,130.9717
2024-08-15,SPY,130.6343
2024-08-16,SPY,131.1126
2024-08-19,SPY,130.6463
2024-08-20,SPY,131.5793
2024-08-21,SPY,132.6923
2024-08-22,SPY,133.276
2024-08-23,SPY,133.0945
2024-08-26,SPY,133.2903
2024-08-27,SPY,133.1975
2024-08-28,SPY,133.178
2024-08-29,SPY,133.6626
2024-08-30,SPY,133.0525
2024-09-02,SPY,133.1029
2024-09-03,SPY,133.5579
2024-09-04,SPY,130.7154
2024-09-05,SPY,131.9502
2024-09-06,SPY,130.8912
2024-09-09,SPY,133.1728
2024-09-10,SPY,134.1613
2024-09-11,SPY,134.7332
2024-09-12,SPY,135.0051
2024-09-13,SPY,134.7275
2024-09-16,SPY,133.8995
2024-09-17,SPY,134.9094
2024-09-18,SPY,135.1444
2024-09-19,SPY,136.0451
2024-09-20,SPY,134.9474
2024-09-23,SPY,135.2522
2024-09-24,SPY,135.0097
2024-09-25,SPY,137.3586
2024-09-26,SPY,140.1456
2024-09-27,SPY,138.2371
2024-09-30,SPY,137.7257
2024-10-01,SPY,140.8196
2024-10-02,SPY,139.0994
2024-10-03,SPY,139.1862
2024-10-04,SPY,138.5268
2024-10-07,SPY,138.1819
2024-10-08,SPY,138.7783
2024-10-09,SPY,141.0847
2024-10-10,SPY,139.8442
2024-10-11,SPY,140.6292
2024-10-14,SPY,140.5131
2024-10-15,SPY,138.7152
2024-10-16,SPY,139.3259
2024-10-17,SPY,140.8447
2024-10-18,SPY,139.0004
2024-10-21,SPY,141.3565
2024-10-22,SPY,140.9458
2024-10-23,SPY,144.735
2024-10-24,SPY,142.3853
2024-10-25,SPY,140.2848
2024-10-28,SPY,142.8182
2024-10-29,SPY,146.6859
2024-10-30,SPY,147.4019
2024-10-31,SPY,148.2786
2024-11-01,SPY,152.0985
2024-11-04,SPY,153.2595
2024-11-05,SPY,153.9249
2024-11-06,SPY,155.0533
2024-11-07,SPY,156.4849
2024-11-08,SPY,154.8083
2024-11-11,SPY,156.9364
2024-11-12,SPY,156.2121
2024-11-13,SPY,159.3864
2024-11-14,SPY,161.1634
2024-11-15,SPY,162.0905
2024-11-18,SPY,158.4313
2024-11-19,SPY,158.4458
2024-11-20,SPY,157.7287
2024-11-21,SPY,158.3611
2024-11-22,SPY,159.6117
2024-11-25,SPY,160.5962
2024-11-26,SPY,160.1734
2024-11-27,SPY,156.8807
2024-11-28,SPY,157.9631
2024-11-29,SPY,155.6519
2024-12-02,SPY,152.2738
2024-12-03,SPY,151.6671
2024-12-04,SPY,151.5823
2024-12-05,SPY,153.7918
2024-12-06,SPY,154.9163
2023-01-03,AGG,100.7609
2023-01-04,AGG,101.0172
2023-01-05,AGG,100.8233
2023-01-06,AGG,100.712
2023-01-09,AGG,100.971
2023-01-10,AGG,100.7999
2023-01-11,AGG,100.693
2023-01-12,AGG,100.5073
2023-01-13,AGG,100.446
2023-01-16,AGG,100.4039
2023-01-17,AGG,100.5207
2023-01-18,AGG,100.2886
2023-01-19,AGG,99.9595
2023-01-20,AGG,100.0128
2023-01-23,AGG,99.8684
2023-01-24,AGG,100.0103
2023-01-25,AGG,100.494
2023-01-26,AGG,100.3492
2023-01-27,AGG,100.9933
2023-01-30,AGG,101.2336
2023-01-31,AGG,101.4927
2023-02-01,AGG,102.0996
2023-02-02,AGG,102.1387
2023-02-03,AGG,102.1345
2023-02-06,AGG,101.7325
2023-02-07,AGG,102.0383
2023-02-08,AGG,102.6665
2023-02-09,AGG,101.4799
2023-02-10,AGG,101.6956
2023-02-13,AGG,101.5843
2023-02-14,AGG,101.5603
2023-02-15,AGG,102.1695
2023-02-16,AGG,102.014
2023-02-17,AGG,102.017
2023-02-20,AGG,102.5095
2023-02-21,AGG,102.4046
2023-02-22,AGG,102.225
2023-02-23,AGG,101.6765
2023-02-24,AGG,102.0808
2023-02-27,AGG,102.0823
2023-02-28,AGG,102.8206
2023-03-01,AGG,102.9501
2023-03-02,AGG,103.1823
2023-03-03,AGG,103.5785
2023-03-06,AGG,103.6112
2023-03-07,AGG,103.8468
2023-03-08,AGG,104.0468
2023-03-09,AGG,104.3296
2023-03-10,AGG,103.4642
2023-03-13,AGG,103.8529
2023-03-14,AGG,104.0941
2023-03-15,AGG,104.6414
2023-03-16,AGG,104.5141
2023-03-17,AGG,104.5863
2023-03-20,AGG,103.8427
2023-03-21,AGG,103.6602
2023-03-22,AGG,104.1879
2023-03-23,AGG,104.2349
2023-03-24,AGG,104.5504
2023-03-27,AGG,104.51
2023-03-28,AGG,104.7247
2023-03-29,AGG,104.0844
2023-03-30,AGG,103.9046
2023-03-31,AGG,104.2606
2023-04-03,AGG,103.6466
2023-04-04,AGG,103.9807
2023-04-05,AGG,104.0428
2023-04-06,AGG,103.7467
2023-04-07,AGG,103.0256
2023-04-10,AGG,102.5265
2023-04-11,AGG,102.0591
2023-04-12,AGG,102.1936
2023-04-13,AGG,102.3541
2023-04-14,AGG,102.0688
2023-04-17,AGG,101.8544
2023-04-18,AGG,101.9385
2023-04-19,AGG,102.4976
2023-04-20,AGG,103.0182
2023-04-21,AGG,102.6177
2023-04-24,AGG,102.8728
2023-04-25,AGG,102.748
2023-04-26,AGG,103.396
2023-04-27,AGG,103.4282
2023-04-28,AGG,102.9962
2023-05-01,AGG,103.41
2023-05-02,AGG,103.4183
2023-05-03,AGG,103.1141
2023-05-04,AGG,102.9229
2023-05-05,AGG,103.0047
2023-05-08,AGG,102.7115
2023-05-09,AGG,102.6954
2023-05-10,AGG,102.6348
2023-05-11,AGG,103.1139
2023-05-12,AGG,103.5384
2023-05-15,AGG,103.3141
2023-05-16,AGG,102.2365
2023-05-17,AGG,102.2255
2023-05-18,AGG,102.0693
2023-05-19,AGG,102.1954
2023-05-22,AGG,102.9318
2023-05-23,AGG,104.1386
2023-05-24,AGG,103.9546
2023-05-25,AGG,103.6189
2023-05-26,AGG,102.9247
2023-05-29,AGG,102.4775
2023-05-30,AGG,101.8474
2023-05-31,AGG,102.4029
2023-06-01,AGG,102.9431
2023-06-02,AGG,103.0254
2023-06-05,AGG,102.6808
2023-06-06,AGG,102.6438
2023-06-07,AGG,102.9997
2023-06-08,AGG,102.7062
2023-06-09,AGG,102.6162
2023-06-12,AGG,102.5628
2023-06-13,AGG,102.4384
2023-06-14,AGG,102.1476
2023-06-15,AGG,101.6033
2023-06-16,AGG,102.2323
2023-06-19,AGG,102.9426
2023-06-20,AGG,103.3405
2023-06-21,AGG,103.2713
2023-06-22,AGG,103.4346
2023-06-23,AGG,102.8752
2023-06-26,AGG,102.7409
2023-06-27,AGG,103.7878
2023-06-28,AGG,104.0087
2023-06-29,AGG,103.7172
2023-06-30,AGG,103.8971
2023-07-03,AGG,103.9277
2023-07-04,AGG,103.958
2023-07-05,AGG,104.0757
2023-07-06,AGG,104.0142
2023-07-07,AGG,105.0291
2023-07-10,AGG,104.7747
2023-07-11,AGG,104.8203
2023-07-12,AGG,105.1269
2023-07-13,AGG,105.3835
2023-07-14,AGG,105.9151
2023-07-17,AGG,106.0164
2023-07-18,AGG,105.6153
2023-07-19,AGG,105.4038
2023-07-20,AGG,105.4209
2023-07-21,AGG,105.8754
2023-07-24,AGG,106.1591
2023-07-25,AGG,106.7749
2023-07-26,AGG,106.7428
2023-07-27,AGG,107.7651
2023-07-28,AGG,107.7944
2023-07-31,AGG,108.2147
2023-08-01,AGG,107.3519
2023-08-02,AGG,107.2812
2023-08-03,AGG,107.213
2023-08-04,AGG,106.5214
2023-08-07,AGG,106.5181
2023-08-08,AGG,107.0972
2023-08-09,AGG,107.1708
2023-08-10,AGG,107.3008
2023-08-11,AGG,108.0267
2023-08-14,AGG,108.0087
2023-08-15,AGG,107.5021
2023-08-16,AGG,107.4215
2023-08-17,AGG,107.7317
2023-08-18,AGG,108.2206
2023-08-21,AGG,108.9641
2023-08-22,AGG,109.975
2023-08-23,AGG,110.2243
2023-08-24,AGG,110.3328
2023-08-25,AGG,110.4966
2023-08-28,AGG,110.1546
2023-08-29,AGG,110.1091
2023-08-30,AGG,109.9825
2023-08-31,AGG,110.2597
2023-09-01,AGG,110.3687
2023-09-04,AGG,111.2298
2023-09-05,AGG,111.1607
2023-09-06,AGG,111.6041
2023-09-07,AGG,112.4145
2023-09-08,AGG,112.5055
2023-09-11,AGG,113.1356
2023-09-12,AGG,113.3247
2023-09-13,AGG,113.7996
2023-09-14,AGG,113.4312
2023-09-15,AGG,114.2055
2023-09-18,AGG,114.3384
2023-09-19,AGG,114.4542
2023-09-20,AGG,114.3117
2023-09-21,AGG,113.959
2023-09-22,AGG,113.8055
2023-09-25,AGG,115.1056
2023-09-26,AGG,115.4311
2023-09-27,AGG,115.5005
2023-09-28,AGG,115.5427
2023-09-29,AGG,115.383
2023-10-02,AGG,115.7911
2023-10-03,AGG,115.5978
2023-10-04,AGG,115.4866
2023-10-05,AGG,115.8112
2023-10-06,AGG,115.9221
2023-10-09,AGG,115.5856
2023-10-10,AGG,115.5507
2023-10-11,AGG,115.3361
2023-10-12,AGG,115.7648
2023-10-13,AGG,115.4698
2023-10-16,AGG,116.3793
2023-10-17,AGG,115.9882
2023-10-18,AGG,116.2175
2023-10-19,AGG,115.8351
2023-10-20,AGG,116.148
2023-10-23,AGG,116.0433
2023-10-24,AGG,116.4575
2023-10-25,AGG,116.3697
2023-10-26,AGG,116.5206
2023-10-27,AGG,116.5394
2023-10-30,AGG,117.0428
2023-10-31,AGG,116.646
2023-11-01,AGG,116.6558
2023-11-02,AGG,116.6628
2023-11-03,AGG,116.9751
2023-11-06,AGG,116.4525
2023-11-07,AGG,116.9858
2023-11-08,AGG,116.5767
2023-11-09,AGG,116.5618
2023-11-10,AGG,116.9316
2023-11-13,AGG,117.011
2023-11-14,AGG,117.8794
2023-11-15,AGG,117.802
2023-11-16,AGG,117.8842
2023-11-17,AGG,117.9291
2023-11-20,AGG,117.4332
2023-11-21,AGG,117.1852
2023-11-22,AGG,118.0622
2023-11-23,AGG,118.5307
2023-11-24,AGG,118.7513
2023-11-27,AGG,118.8498
2023-11-28,AGG,118.615
2023-11-29,AGG,118.4584
2023-11-30,AGG,118.4669
2023-12-01,AGG,117.6273
2023-12-04,AGG,118.0727
2023-12-05,AGG,118.3555
2023-12-06,AGG,118.0314
2023-12-07,AGG,119.2814
2023-12-08,AGG,118.6132
2023-12-11,AGG,118.9689
2023-12-12,AGG,118.6712
2023-12-13,AGG,118.4603
2023-12-14,AGG,117.7655
2023-12-15,AGG,117.5626
2023-12-18,AGG,118.1522
2023-12-19,AGG,118.4185
2023-12-20,AGG,118.4885
2023-12-21,AGG,118.6534
2023-12-22,AGG,118.4335
2023-12-25,AGG,118.7099
2023-12-26,AGG,118.9277
2023-12-27,AGG,118.8427
2023-12-28,AGG,118.4232
2023-12-29,AGG,118.4469
2024-01-01,AGG,118.9869
2024-01-02,AGG,119.1656
2024-01-03,AGG,119.493
2024-01-04,AGG,119.113
2024-01-05,AGG,118.8174
2024-01-08,AGG,118.8041
2024-01-09,AGG,118.4334
2024-01-10,AGG,118.2524
2024-01-11,AGG,118.3218
2024-01-12,AGG,118.7997
2024-01-15,AGG,118.8606
2024-01-16,AGG,117.9053
2024-01-17,AGG,118.0529
2024-01-18,AGG,118.0226
2024-01-19,AGG,117.6862
2024-01-22,AGG,117.7436
2024-01-23,AGG,117.121
2024-01-24,AGG,118.0082
2024-01-25,AGG,118.3
2024-01-26,AGG,118.9952
2024-01-29,AGG,119.6546
2024-01-30,AGG,120.0071
2024-01-31,AGG,119.8707
2024-02-01,AGG,119.0225
2024-02-02,AGG,118.9401
2024-02-05,AGG,118.8152
2024-02-06,AGG,118.4663
2024-02-07,AGG,118.4282
2024-02-08,AGG,117.8353
2024-02-09,AGG,117.6925
2024-02-12,AGG,118.0428
2024-02-13,AGG,117.4113
2024-02-14,AGG,117.1111
2024-02-15,AGG,116.6804
2024-02-16,AGG,117.4795
2024-02-19,AGG,117.6884
2024-02-20,AGG,116.8309
2024-02-21,AGG,116.509
2024-02-22,AGG,116.2766
2024-02-23,AGG,116.4363
2024-02-26,AGG,116.7781
2024-02-27,AGG,116.9445
2024-02-28,AGG,116.8589
2024-02-29,AGG,117.7654
2024-03-01,AGG,118.7548
2024-03-04,AGG,118.9602
2024-03-05,AGG,118.845
2024-03-06,AGG,118.1414
2024-03-07,AGG,117.375
2024-03-08,AGG,116.7926
2024-03-11,AGG,116.5851
2024-03-12,AGG,117.1168
2024-03-13,AGG,117.189
2024-03-14,AGG,117.6001
2024-03-15,AGG,118.2685
2024-03-18,AGG,118.9473
2024-03-19,AGG,118.9557
2024-03-20,AGG,119.1656
2024-03-21,AGG,119.4876
2024-03-22,AGG,119.3394
2024-03-25,AGG,119.7589
2024-03-26,AGG,120.0555
2024-03-27,AGG,120.3209
2024-03-28,AGG,120.6499
2024-03-29,AGG,120.8102
2024-04-01,AGG,120.7503
2024-04-02,AGG,120.4932
2024-04-03,AGG,120.358
2024-04-04,AGG,120.6302
2024-04-05,AGG,121.0146
2024-04-08,AGG,121.4388
2024-04-09,AGG,121.565
2024-04-10,AGG,121.2671
2024-04-11,AGG,120.781
2024-04-12,AGG,121.051
2024-04-15,AGG,121.1876
2024-04-16,AGG,121.2952
2024-04-17,AGG,121.4368
2024-04-18,AGG,121.1357
2024-04-19,AGG,121.6577
2024-04-22,AGG,121.8906
2024-04-23,AGG,121.9121
2024-04-24,AGG,122.0629
2024-04-25,AGG,122.6167
2024-04-26,AGG,123.1826
2024-04-29,AGG,122.6112
2024-04-30,AGG,122.5984
2024-05-01,AGG,122.9183
2024-05-02,AGG,123.0034
2024-05-03,AGG,122.7772
2024-05-06,AGG,122.4213
2024-05-07,AGG,121.9103
2024-05-08,AGG,122.1066
2024-05-09,AGG,122.578
2024-05-10,AGG,121.4717
2024-05-13,AGG,120.7691
2024-05-14,AGG,120.2695
2024-05-15,AGG,119.9086
2024-05-16,AGG,119.3791
2024-05-17,AGG,120.1652
2024-05-20,AGG,120.3938
2024-05-21,AGG,120.3601
2024-05-22,AGG,119.8444
2024-05-23,AGG,119.7616
2024-05-24,AGG,119.8895
2024-05-27,AGG,120.2182
2024-05-28,AGG,120.5077
2024-05-29,AGG,120.1996
2024-05-30,AGG,120.5047
2024-05-31,AGG,121.2252
2024-06-03,AGG,120.7919
2024-06-04,AGG,120.4988
2024-06-05,AGG,121.1536
2024-06-06,AGG,121.1383
2024-06-07,AGG,121.1338
2024-06-10,AGG,121.7108
2024-06-11,AGG,122.3864
2024-06-12,AGG,123.2658
2024-06-13,AGG,123.1898
2024-06-14,AGG,123.4514
2024-06-17,AGG,124.0286
2024-06-18,AGG,123.7595
2024-06-19,AGG,123.5601
2024-06-20,AGG,123.2066
2024-06-21,AGG,123.8452
2024-06-24,AGG,123.5968
2024-06-25,AGG,123.1103
2024-06-26,AGG,123.5208
2024-06-27,AGG,123.941
2024-06-28,AGG,124.1129
2024-07-01,AGG,123.1368
2024-07-02,AGG,122.9664
2024-07-03,AGG,123.1054
2024-07-04,AGG,123.4747
2024-07-05,AGG,123.169
2024-07-08,AGG,123.6907
2024-07-09,AGG,123.4912
2024-07-10,AGG,123.906
2024-07-11,AGG,124.5175
2024-07-12,AGG,124.4559
2024-07-15,AGG,123.4996
2024-07-16,AGG,124.1643
2024-07-17,AGG,123.8002
2024-07-18,AGG,123.0327
2024-07-19,AGG,122.7597
2024-07-22,AGG,123.4128
2024-07-23,AGG,123.359
2024-07-24,AGG,123.4746
2024-07-25,AGG,123.5405
2024-07-26,AGG,124.3973
2024-07-29,AGG,124.8898
2024-07-30,AGG,124.7142
2024-07-31,AGG,125.181
2024-08-01,AGG,125.2175
2024-08-02,AGG,125.2548
2024-08-05,AGG,125.1388
2024-08-06,AGG,125.653
2024-08-07,AGG,125.1146
2024-08-08,AGG,124.9644
2024-08-09,AGG,124.8894
2024-08-12,AGG,124.2708
2024-08-13,AGG,124.3738
2024-08-14,AGG,124.2062
2024-08-15,AGG,124.0601
2024-08-16,AGG,123.7051
2024-08-19,AGG,123.699
2024-08-20,AGG,123.1184
2024-08-21,AGG,123.3932
2024-08-22,AGG,122.8566
2024-08-23,AGG,123.371
2024-08-26,AGG,123.4105
2024-08-27,AGG,123.31
2024-08-28,AGG,123.5848
2024-08-29,AGG,123.3802
2024-08-30,AGG,123.5881
2024-09-02,AGG,123.4936
2024-09-03,AGG,123.6689
2024-09-04,AGG,124.5046
2024-09-05,AGG,124.1147
2024-09-06,AGG,124.0395
2024-09-09,AGG,124.3537
2024-09-10,AGG,123.8236
2024-09-11,AGG,124.0289
2024-09-12,AGG,124.4362
2024-09-13,AGG,125.1664
2024-09-16,AGG,125.7708
2024-09-17,AGG,125.5716
2024-09-18,AGG,125.8738
2024-09-19,AGG,126.0311
2024-09-20,AGG,125.7426
2024-09-23,AGG,125.1817
2024-09-24,AGG,124.8735
2024-09-25,AGG,124.5195
2024-09-26,AGG,124.2421
2024-09-27,AGG,124.591
2024-09-30,AGG,124.5886
2024-10-01,AGG,125.5648
2024-10-02,AGG,125.4961
2024-10-03,AGG,126.3463
2024-10-04,AGG,125.931
2024-10-07,AGG,126.0456
2024-10-08,AGG,125.7163
2024-10-09,AGG,125.4554
2024-10-10,AGG,125.3749
2024-10-11,AGG,125.431
2024-10-14,AGG,126.6164
2024-10-15,AGG,126.3526
2024-10-16,AGG,126.6153
2024-10-17,AGG,126.1647
2024-10-18,AGG,125.7477
2024-10-21,AGG,125.2287
2024-10-22,AGG,125.7922
2024-10-23,AGG,124.9159
2024-10-24,AGG,123.8214
2024-10-25,AGG,123.5516
2024-10-28,AGG,123.5735
2024-10-29,AGG,123.4425
2024-10-30,AGG,123.0374
2024-10-31,AGG,123.0645
2024-11-01,AGG,123.2289
2024-11-04,AGG,122.9606
2024-11-05,AGG,123.3844
2024-11-06,AGG,123.6771
2024-11-07,AGG,123.0714
2024-11-08,AGG,124.1434
2024-11-11,AGG,124.1682
2024-11-12,AGG,123.3152
2024-11-13,AGG,123.2602
2024-11-14,AGG,123.2721
2024-11-15,AGG,122.7911
2024-11-18,AGG,122.497
2024-11-19,AGG,122.7726
2024-11-20,AGG,123.7032
2024-11-21,AGG,124.0745
2024-11-22,AGG,124.1113
2024-11-25,AGG,124.5176
2024-11-26,AGG,124.686
2024-11-27,AGG,124.8818
2024-11-28,AGG,124.8663
2024-11-29,AGG,124.5468
2024-12-02,AGG,123.9905
2024-12-03,AGG,123.5168
2024-12-04,AGG,123.6483
2024-12-05,AGG,123.4998
2024-12-06,AGG,124.3322
2023-01-03,GLD,100.5981
2023-01-04,GLD,100.4816
2023-01-05,GLD,100.6124
2023-01-06,GLD,99.9892
2023-01-09,GLD,101.0191
2023-01-10,GLD,101.4786
2023-01-11,GLD,100.7128
2023-01-12,GLD,99.8039
2023-01-13,GLD,99.2205
2023-01-16,GLD,99.5236
2023-01-17,GLD,98.2611
2023-01-18,GLD,99.5548
2023-01-19,GLD,99.9412
2023-01-20,GLD,99.5078
2023-01-23,GLD,98.8383
2023-01-24,GLD,98.9274
2023-01-25,GLD,98.4819
2023-01-26,GLD,98.4684
2023-01-27,GLD,98.0048
2023-01-30,GLD,97.2581
2023-01-31,GLD,97.1485
2023-02-01,GLD,96.8706
2023-02-02,GLD,96.2456
2023-02-03,GLD,96.4752
2023-02-06,GLD,96.9227
2023-02-07,GLD,95.9361
2023-02-08,GLD,96.3858
2023-02-09,GLD,97.4455
2023-02-10,GLD,95.5509
2023-02-13,GLD,95.5393
2023-02-14,GLD,94.076
2023-02-15,GLD,94.6546
2023-02-16,GLD,96.4268
2023-02-17,GLD,96.9175
2023-02-20,GLD,96.537
2023-02-21,GLD,96.7749
2023-02-22,GLD,96.4119
2023-02-23,GLD,95.1721
2023-02-24,GLD,94.7648
2023-02-27,GLD,94.5949
2023-02-28,GLD,94.758
2023-03-01,GLD,93.6477
2023-03-02,GLD,93.4595
2023-03-03,GLD,94.4657
2023-03-06,GLD,94.5871
2023-03-07,GLD,96.2208
2023-03-08,GLD,96.7018
2023-03-09,GLD,96.4131
2023-03-10,GLD,94.9751
2023-03-13,GLD,96.7716
2023-03-14,GLD,98.2234
2023-03-15,GLD,97.8278
2023-03-16,GLD,98.0151
2023-03-17,GLD,98.2334
2023-03-20,GLD,98.4661
2023-03-21,GLD,97.5352
2023-03-22,GLD,98.1765
2023-03-23,GLD,98.2853
2023-03-24,GLD,99.3893
2023-03-27,GLD,98.953
2023-03-28,GLD,99.3802
2023-03-29,GLD,100.6936
2023-03-30,GLD,102.1826
2023-03-31,GLD,101.6808
2023-04-03,GLD,102.7236
2023-04-04,GLD,102.3732
2023-04-05,GLD,101.5578
2023-04-06,GLD,102.0492
2023-04-07,GLD,102.4861
2023-04-10,GLD,103.1262
2023-04-11,GLD,102.7415
2023-04-12,GLD,102.9165
2023-04-13,GLD,103.7839
2023-04-14,GLD,102.864
2023-04-17,GLD,103.8245
2023-04-18,GLD,101.8717
2023-04-19,GLD,100.4239
2023-04-20,GLD,101.0172
2023-04-21,GLD,100.9434
2023-04-24,GLD,101.2311
2023-04-25,GLD,101.9828
2023-04-26,GLD,102.5688
2023-04-27,GLD,102.0415
2023-04-28,GLD,103.3124
2023-05-01,GLD,102.5844
2023-05-02,GLD,104.1291
2023-05-03,GLD,104.0535
2023-05-04,GLD,103.092
2023-05-05,GLD,103.5838
2023-05-08,GLD,103.6594
2023-05-09,GLD,105.6487
2023-05-10,GLD,104.9828
2023-05-11,GLD,103.2558
2023-05-12,GLD,105.1152
2023-05-15,GLD,104.83
2023-05-16,GLD,103.983
2023-05-17,GLD,104.2124
2023-05-18,GLD,104.5235
2023-05-19,GLD,104.2126
2023-05-22,GLD,103.4824
2023-05-23,GLD,102.5772
2023-05-24,GLD,103.1879
2023-05-25,GLD,103.4658
2023-05-26,GLD,102.9819
2023-05-29,GLD,104.2536
2023-05-30,GLD,104.6056
2023-05-31,GLD,104.1968
2023-06-01,GLD,104.9203
2023-06-02,GLD,105.2843
2023-06-05,GLD,104.4896
2023-06-06,GLD,104.9422
2023-06-07,GLD,103.8784
2023-06-08,GLD,103.93
2023-06-09,GLD,103.3096
2023-06-12,GLD,103.6578
2023-06-13,GLD,105.0569
2023-06-14,GLD,104.9336
2023-06-15,GLD,103.913
2023-06-16,GLD,105.5742
2023-06-19,GLD,106.3341
2023-06-20,GLD,107.3554
2023-06-21,GLD,107.6496
2023-06-22,GLD,106.5071
2023-06-23,GLD,106.9369
2023-06-26,GLD,107.218
2023-06-27,GLD,108.3998
2023-06-28,GLD,107.8619
2023-06-29,GLD,106.9208
2023-06-30,GLD,109.0886
2023-07-03,GLD,107.5426
2023-07-04,GLD,108.7935
2023-07-05,GLD,108.9721
2023-07-06,GLD,108.3162
2023-07-07,GLD,108.7759
2023-07-10,GLD,107.9472
2023-07-11,GLD,108.5323
2023-07-12,GLD,109.6233
2023-07-13,GLD,111.1412
2023-07-14,GLD,111.8006
2023-07-17,GLD,110.7126
2023-07-18,GLD,109.5986
2023-07-19,GLD,110.1936
2023-07-20,GLD,109.2757
2023-07-21,GLD,109.9223
2023-07-24,GLD,107.7168
2023-07-25,GLD,108.1733
2023-07-26,GLD,108.6461
2023-07-27,GLD,109.2797
2023-07-28,GLD,108.1382
2023-07-31,GLD,108.6162
2023-08-01,GLD,107.8699
2023-08-02,GLD,108.5422
2023-08-03,GLD,109.2155
2023-08-04,GLD,108.8596
2023-08-07,GLD,109.1299
2023-08-08,GLD,109.3925
2023-08-09,GLD,111.1971
2023-08-10,GLD,110.893
2023-08-11,GLD,111.397
2023-08-14,GLD,112.6289
2023-08-15,GLD,113.0685
2023-08-16,GLD,111.6907
2023-08-17,GLD,111.8765
2023-08-18,GLD,112.0617
2023-08-21,GLD,110.8994
2023-08-22,GLD,110.8573
2023-08-23,GLD,109.8173
2023-08-24,GLD,111.4389
2023-08-25,GLD,112.9087
2023-08-28,GLD,113.9303
2023-08-29,GLD,114.8646
2023-08-30,GLD,115.1699
2023-08-31,GLD,115.1346
2023-09-01,GLD,114.4727
2023-09-04,GLD,115.0578
2023-09-05,GLD,115.1044
2023-09-06,GLD,113.9319
2023-09-07,GLD,113.3244
2023-09-08,GLD,113.0024
2023-09-11,GLD,111.9974
2023-09-12,GLD,111.9625
2023-09-13,GLD,110.4436
2023-09-14,GLD,111.0875
2023-09-15,GLD,111.6679
2023-09-18,GLD,111.7194
2023-09-19,GLD,111.8669
2023-09-20,GLD,113.208
2023-09-21,GLD,113.0759
2023-09-22,GLD,113.7378
2023-09-25,GLD,110.897
2023-09-26,GLD,111.5123
2023-09-27,GLD,113.4968
2023-09-28,GLD,112.3201
2023-09-29,GLD,111.8559
2023-10-02,GLD,112.1544
2023-10-03,GLD,111.8776
2023-10-04,GLD,112.0118
2023-10-05,GLD,112.1218
2023-10-06,GLD,114.0114
2023-10-09,GLD,114.1983
2023-10-10,GLD,113.8141
2023-10-11,GLD,113.5524
2023-10-12,GLD,113.184
2023-10-13,GLD,113.0543
2023-10-16,GLD,113.4694
2023-10-17,GLD,113.4162
2023-10-18,GLD,112.8396
2023-10-19,GLD,112.4816
2023-10-20,GLD,113.3782
2023-10-23,GLD,113.9219
2023-10-24,GLD,114.3903
2023-10-25,GLD,114.659
2023-10-26,GLD,114.4562
2023-10-27,GLD,114.9795
2023-10-30,GLD,114.5377
2023-10-31,GLD,117.4056
2023-11-01,GLD,117.83
2023-11-02,GLD,116.2653
2023-11-03,GLD,117.1703
2023-11-06,GLD,117.7821
2023-11-07,GLD,118.3393
2023-11-08,GLD,117.4772
2023-11-09,GLD,116.0804
2023-11-10,GLD,115.8329
2023-11-13,GLD,115.0146
2023-11-14,GLD,115.0511
2023-11-15,GLD,114.6074
2023-11-16,GLD,114.4929
2023-11-17,GLD,112.0591
2023-11-20,GLD,111.7689
2023-11-21,GLD,112.0714
2023-11-22,GLD,113.2584
2023-11-23,GLD,112.9942
2023-11-24,GLD,115.0467
2023-11-27,GLD,114.8495
2023-11-28,GLD,115.2082
2023-11-29,GLD,114.7323
2023-11-30,GLD,115.3246
2023-12-01,GLD,115.0817
2023-12-04,GLD,113.9319
2023-12-05,GLD,114.4767
2023-12-06,GLD,113.8699
2023-12-07,GLD,113.4286
2023-12-08,GLD,111.185
2023-12-11,GLD,111.7614
2023-12-12,GLD,111.2762
2023-12-13,GLD,110.1475
2023-12-14,GLD,110.9014
2023-12-15,GLD,112.2735
2023-12-18,GLD,110.4422
2023-12-19,GLD,109.7085
2023-12-20,GLD,109.9752
2023-12-21,GLD,110.5954
2023-12-22,GLD,111.2687
2023-12-25,GLD,110.8675
2023-12-26,GLD,112.4226
2023-12-27,GLD,110.2223
2023-12-28,GLD,110.2778
2023-12-29,GLD,109.6801
2024-01-01,GLD,108.7176
2024-01-02,GLD,109.2074
2024-01-03,GLD,110.3752
2024-01-04,GLD,110.009
2024-01-05,GLD,110.0336
2024-01-08,GLD,109.9496
2024-01-09,GLD,108.3596
2024-01-10,GLD,109.3839
2024-01-11,GLD,110.0662
2024-01-12,GLD,110.5713
2024-01-15,GLD,109.7017
2024-01-16,GLD,108.6386
2024-01-17,GLD,108.0516
2024-01-18,GLD,106.6314
2024-01-19,GLD,107.8733
2024-01-22,GLD,108.3829
2024-01-23,GLD,108.6226
2024-01-24,GLD,107.916
2024-01-25,GLD,107.014
2024-01-26,GLD,106.7275
2024-01-29,GLD,106.4176
2024-01-30,GLD,106.0257
2024-01-31,GLD,106.5889
2024-02-01,GLD,105.5159
2024-02-02,GLD,106.8013
2024-02-05,GLD,107.3168
2024-02-06,GLD,108.4408
2024-02-07,GLD,107.4666
2024-02-08,GLD,104.6211
2024-02-09,GLD,103.6026
2024-02-12,GLD,105.0861
2024-02-13,GLD,105.0823
2024-02-14,GLD,105.5296
2024-02-15,GLD,104.6542
2024-02-16,GLD,103.181
2024-02-19,GLD,103.0666
2024-02-20,GLD,101.9576
2024-02-21,GLD,102.108
2024-02-22,GLD,101.0995
2024-02-23,GLD,100.5472
2024-02-26,GLD,99.7475
2024-02-27,GLD,100.9544
2024-02-28,GLD,100.8887
2024-02-29,GLD,101.5284
2024-03-01,GLD,102.5627
2024-03-04,GLD,102.2946
2024-03-05,GLD,101.9598
2024-03-06,GLD,102.7472
2024-03-07,GLD,101.382
2024-03-08,GLD,101.7176
2024-03-11,GLD,100.9768
2024-03-12,GLD,100.5577
2024-03-13,GLD,101.331
2024-03-14,GLD,100.5753
2024-03-15,GLD,100.7525
2024-03-18,GLD,101.0214
2024-03-19,GLD,101.9157
2024-03-20,GLD,102.2105
2024-03-21,GLD,102.9919
2024-03-22,GLD,102.8606
2024-03-25,GLD,103.1723
2024-03-26,GLD,104.2891
2024-03-27,GLD,104.3347
2024-03-28,GLD,104.2547
2024-03-29,GLD,102.8336
2024-04-01,GLD,103.5682
2024-04-02,GLD,104.7592
2024-04-03,GLD,104.9982
2024-04-04,GLD,105.6369
2024-04-05,GLD,103.6848
2024-04-08,GLD,104.7116
2024-04-09,GLD,105.337
2024-04-10,GLD,104.0322
2024-04-11,GLD,103.7656
2024-04-12,GLD,103.8952
2024-04-15,GLD,103.9598
2024-04-16,GLD,104.5069
2024-04-17,GLD,104.2309
2024-04-18,GLD,104.3623
2024-04-19,GLD,103.0061
2024-04-22,GLD,104.9236
2024-04-23,GLD,104.9774
2024-04-24,GLD,105.0534
2024-04-25,GLD,105.5244
2024-04-26,GLD,105.0247
2024-04-29,GLD,104.393
2024-04-30,GLD,103.8568
2024-05-01,GLD,103.56
2024-05-02,GLD,103.1316
2024-05-03,GLD,103.663
2024-05-06,GLD,103.989
2024-05-07,GLD,103.4354
2024-05-08,GLD,105.4573
2024-05-09,GLD,104.8718
2024-05-10,GLD,105.5602
2024-05-13,GLD,104.6201
2024-05-14,GLD,104.6273
2024-05-15,GLD,102.2756
2024-05-16,GLD,100.8654
2024-05-17,GLD,101.2542
2024-05-20,GLD,101.1017
2024-05-21,GLD,100.858
2024-05-22,GLD,101.1532
2024-05-23,GLD,101.4964
2024-05-24,GLD,102.4726
2024-05-27,GLD,103.917
2024-05-28,GLD,105.2475
2024-05-29,GLD,104.2071
2024-05-30,GLD,104.1041
2024-05-31,GLD,104.8361
2024-06-03,GLD,104.0651
2024-06-04,GLD,103.9728
2024-06-05,GLD,105.0081
2024-06-06,GLD,106.2452
2024-06-07,GLD,106.8275
2024-06-10,GLD,106.0015
2024-06-11,GLD,108.0506
2024-06-12,GLD,107.6306
2024-06-13,GLD,107.5967
2024-06-14,GLD,106.1757
2024-06-17,GLD,106.504
2024-06-18,GLD,107.2312
2024-06-19,GLD,107.5005
2024-06-20,GLD,107.9416
2024-06-21,GLD,109.1921
2024-06-24,GLD,107.7068
2024-06-25,GLD,106.9671
2024-06-26,GLD,106.4486
2024-06-27,GLD,105.1225
2024-06-28,GLD,103.9899
2024-07-01,GLD,103.3127
2024-07-02,GLD,101.7004
2024-07-03,GLD,100.8084
2024-07-04,GLD,100.4909
2024-07-05,GLD,100.3734
2024-07-08,GLD,100.5991
2024-07-09,GLD,100.7177
2024-07-10,GLD,100.6672
2024-07-11,GLD,99.9717
2024-07-12,GLD,100.2644
2024-07-15,GLD,100.1787
2024-07-16,GLD,100.5713
2024-07-17,GLD,99.592
2024-07-18,GLD,100.4796
2024-07-19,GLD,99.9577
2024-07-22,GLD,99.9989
2024-07-23,GLD,97.9761
2024-07-24,GLD,98.3435
2024-07-25,GLD,99.0225
2024-07-26,GLD,100.5425
2024-07-29,GLD,101.1439
2024-07-30,GLD,102.2407
2024-07-31,GLD,100.4781
2024-08-01,GLD,101.0497
2024-08-02,GLD,101.169
2024-08-05,GLD,99.3681
2024-08-06,GLD,99.3863
2024-08-07,GLD,98.4225
2024-08-08,GLD,97.9051
2024-08-09,GLD,98.1234
2024-08-12,GLD,97.3152
2024-08-13,GLD,96.6365
2024-08-14,GLD,95.8716
2024-08-15,GLD,96.6623
2024-08-16,GLD,96.8335
2024-08-19,GLD,96.1174
2024-08-20,GLD,95.8814
2024-08-21,GLD,95.7453
2024-08-22,GLD,96.5683
2024-08-23,GLD,98.8559
2024-08-26,GLD,99.6616
2024-08-27,GLD,98.9249
2024-08-28,GLD,98.2436
2024-08-29,GLD,99.4233
2024-08-30,GLD,97.9556
2024-09-02,GLD,97.6481
2024-09-03,GLD,98.1642
2024-09-04,GLD,96.2625
2024-09-05,GLD,96.0439
2024-09-06,GLD,95.0904
2024-09-09,GLD,95.2775
2024-09-10,GLD,95.482
2024-09-11,GLD,95.9015
2024-09-12,GLD,97.0959
2024-09-13,GLD,96.9519
2024-09-16,GLD,96.8956
2024-09-17,GLD,97.56
2024-09-18,GLD,96.4656
2024-09-19,GLD,96.4442
2024-09-20,GLD,95.1859
2024-09-23,GLD,94.5638
2024-09-24,GLD,95.0781
2024-09-25,GLD,95.5428
2024-09-26,GLD,95.8739
2024-09-27,GLD,95.5175
2024-09-30,GLD,96.0093
2024-10-01,GLD,97.7675
2024-10-02,GLD,98.6152
2024-10-03,GLD,100.6375
2024-10-04,GLD,101.7244
2024-10-07,GLD,101.1138
2024-10-08,GLD,98.6719
2024-10-09,GLD,99.0015
2024-10-10,GLD,100.1349
2024-10-11,GLD,100.6169
2024-10-14,GLD,101.6288
2024-10-15,GLD,102.7535
2024-10-16,GLD,102.9831
2024-10-17,GLD,104.0458
2024-10-18,GLD,102.0194
2024-10-21,GLD,101.6633
2024-10-22,GLD,101.6118
2024-10-23,GLD,102.3097
2024-10-24,GLD,101.8464
2024-10-25,GLD,101.3744
2024-10-28,GLD,101.525
2024-10-29,GLD,101.2494
2024-10-30,GLD,99.9812
2024-10-31,GLD,100.6229
2024-11-01,GLD,99.4769
2024-11-04,GLD,99.3963
2024-11-05,GLD,99.7053
2024-11-06,GLD,99.4247
2024-11-07,GLD,98.0945
2024-11-08,GLD,97.3748
2024-11-11,GLD,98.8569
2024-11-12,GLD,98.4342
2024-11-13,GLD,97.83
2024-11-14,GLD,98.196
2024-11-15,GLD,97.492
2024-11-18,GLD,96.8805
2024-11-19,GLD,97.3118
2024-11-20,GLD,96.6991
2024-11-21,GLD,96.5292
2024-11-22,GLD,97.7605
2024-11-25,GLD,98.1063
2024-11-26,GLD,98.2114
2024-11-27,GLD,98.1431
2024-11-28,GLD,99.0118
2024-11-29,GLD,99.5047
2024-12-02,GLD,97.3485
2024-12-03,GLD,98.234
2024-12-04,GLD,98.6275
2024-12-05,GLD,99.0854
2024-12-06,GLD,100.4171
2023-01-03,VNQ,100.4095
2023-01-04,VNQ,101.7519
2023-01-05,VNQ,100.1355
2023-01-06,VNQ,100.7322
2023-01-09,VNQ,101.5163
2023-01-10,VNQ,101.5143
2023-01-11,VNQ,99.5163
2023-01-12,VNQ,98.4325
2023-01-13,VNQ,97.2238
2023-01-16,VNQ,96.3464
2023-01-17,VNQ,95.5879
2023-01-18,VNQ,96.5818
2023-01-19,VNQ,98.5891
2023-01-20,VNQ,97.9388
2023-01-23,VNQ,100.0889
2023-01-24,VNQ,99.6349
2023-01-25,VNQ,99.6597
2023-01-26,VNQ,99.4703
2023-01-27,VNQ,98.8263
2023-01-30,VNQ,101.318
2023-01-31,VNQ,100.7133
2023-02-01,VNQ,101.5932
2023-02-02,VNQ,101.0407
2023-02-03,VNQ,101.3598
2023-02-06,VNQ,102.297
2023-02-07,VNQ,100.8128
2023-02-08,VNQ,102.3239
2023-02-09,VNQ,103.146
2023-02-10,VNQ,103.3679
2023-02-13,VNQ,104.2502
2023-02-14,VNQ,105.2376
2023-02-15,VNQ,103.1914
2023-02-16,VNQ,104.9936
2023-02-17,VNQ,105.3514
2023-02-20,VNQ,105.8483
2023-02-21,VNQ,104.4486
2023-02-22,VNQ,102.7215
2023-02-23,VNQ,100.9527
2023-02-24,VNQ,99.0886
2023-02-27,VNQ,99.5939
2023-02-28,VNQ,98.1549
2023-03-01,VNQ,98.8661
2023-03-02,VNQ,98.9075
2023-03-03,VNQ,97.5012
2023-03-06,VNQ,97.6675
2023-03-07,VNQ,95.736
2023-03-08,VNQ,97.633
2023-03-09,VNQ,99.9756
2023-03-10,VNQ,101.0868
2023-03-13,VNQ,103.2007
2023-03-14,VNQ,103.505
2023-03-15,VNQ,102.3058
2023-03-16,VNQ,102.8489
2023-03-17,VNQ,101.6249
2023-03-20,VNQ,102.0678
2023-03-21,VNQ,102.1207
2023-03-22,VNQ,102.9235
2023-03-23,VNQ,103.2985
2023-03-24,VNQ,103.7233
2023-03-27,VNQ,103.438
2023-03-28,VNQ,102.7418
2023-03-29,VNQ,104.2135
2023-03-30,VNQ,102.5891
2023-03-31,VNQ,102.7938
2023-04-03,VNQ,102.0807
2023-04-04,VNQ,102.5611
2023-04-05,VNQ,100.458
2023-04-06,VNQ,102.2492
2023-04-07,VNQ,104.583
2023-04-10,VNQ,107.5683
2023-04-11,VNQ,106.4108
2023-04-12,VNQ,106.053
2023-04-13,VNQ,106.0646
2023-04-14,VNQ,104.9225
2023-04-17,VNQ,103.8685
2023-04-18,VNQ,101.2257
2023-04-19,VNQ,100.1741
2023-04-20,VNQ,100.7282
2023-04-21,VNQ,103.2091
2023-04-24,VNQ,102.4599
2023-04-25,VNQ,102.5936
2023-04-26,VNQ,103.1682
2023-04-27,VNQ,106.5724
2023-04-28,VNQ,105.564
2023-05-01,VNQ,106.2239
2023-05-02,VNQ,106.194
2023-05-03,VNQ,107.1896
2023-05-04,VNQ,108.3641
2023-05-05,VNQ,108.2589
2023-05-08,VNQ,109.0787
2023-05-09,VNQ,108.8868
2023-05-10,VNQ,107.797
2023-05-11,VNQ,108.2162
2023-05-12,VNQ,108.9956
2023-05-15,VNQ,108.9173
2023-05-16,VNQ,108.463
2023-05-17,VNQ,107.0286
2023-05-18,VNQ,107.9557
2023-05-19,VNQ,106.3619
2023-05-22,VNQ,106.8756
2023-05-23,VNQ,104.6685
2023-05-24,VNQ,103.4914
2023-05-25,VNQ,105.523
2023-05-26,VNQ,104.5478
2023-05-29,VNQ,106.4365
2023-05-30,VNQ,105.8209
2023-05-31,VNQ,106.9453
2023-06-01,VNQ,106.8682
2023-06-02,VNQ,109.5377
2023-06-05,VNQ,109.5036
2023-06-06,VNQ,108.4697
2023-06-07,VNQ,109.52
2023-06-08,VNQ,109.4253
2023-06-09,VNQ,108.634
2023-06-12,VNQ,110.5115
2023-06-13,VNQ,111.2623
2023-06-14,VNQ,115.2505
2023-06-15,VNQ,113.733
2023-06-16,VNQ,115.2567
2023-06-19,VNQ,116.2608
2023-06-20,VNQ,116.2267
2023-06-21,VNQ,115.0669
2023-06-22,VNQ,116.0994
2023-06-23,VNQ,117.2065
2023-06-26,VNQ,117.8348
2023-06-27,VNQ,119.0296
2023-06-28,VNQ,114.8549
2023-06-29,VNQ,115.3196
2023-06-30,VNQ,116.6886
2023-07-03,VNQ,116.284
2023-07-04,VNQ,114.2715
2023-07-05,VNQ,114.5445
2023-07-06,VNQ,116.6973
2023-07-07,VNQ,120.3418
2023-07-10,VNQ,119.1859
2023-07-11,VNQ,116.6326
2023-07-12,VNQ,115.1646
2023-07-13,VNQ,115.2069
2023-07-14,VNQ,115.2609
2023-07-17,VNQ,118.2972
2023-07-18,VNQ,117.0765
2023-07-19,VNQ,119.1873
2023-07-20,VNQ,118.5728
2023-07-21,VNQ,121.6
2023-07-24,VNQ,120.7714
2023-07-25,VNQ,118.7378
2023-07-26,VNQ,118.1723
2023-07-27,VNQ,117.4627
2023-07-28,VNQ,115.2859
2023-07-31,VNQ,112.6451
2023-08-01,VNQ,112.7218
2023-08-02,VNQ,112.1041
2023-08-03,VNQ,110.0503
2023-08-04,VNQ,112.2422
2023-08-07,VNQ,108.9192
2023-08-08,VNQ,109.5892
2023-08-09,VNQ,109.7349
2023-08-10,VNQ,109.5024
2023-08-11,VNQ,111.4134
2023-08-14,VNQ,110.7225
2023-08-15,VNQ,112.6528
2023-08-16,VNQ,111.4196
2023-08-17,VNQ,112.2144
2023-08-18,VNQ,112.1741
2023-08-21,VNQ,111.7056
2023-08-22,VNQ,111.5537
2023-08-23,VNQ,109.7893
2023-08-24,VNQ,111.0592
2023-08-25,VNQ,108.8158
2023-08-28,VNQ,105.9279
2023-08-29,VNQ,106.7869
2023-08-30,VNQ,106.693
2023-08-31,VNQ,108.9928
2023-09-01,VNQ,109.1467
2023-09-04,VNQ,109.6653
2023-09-05,VNQ,112.047
2023-09-06,VNQ,111.0547
2023-09-07,VNQ,109.8728
2023-09-08,VNQ,111.3343
2023-09-11,VNQ,110.5661
2023-09-12,VNQ,109.905
2023-09-13,VNQ,107.5858
2023-09-14,VNQ,108.2496
2023-09-15,VNQ,105.6546
2023-09-18,VNQ,106.7723
2023-09-19,VNQ,104.7698
2023-09-20,VNQ,104.3582
2023-09-21,VNQ,104.5367
2023-09-22,VNQ,103.5617
2023-09-25,VNQ,103.5839
2023-09-26,VNQ,105.3063
2023-09-27,VNQ,104.2114
2023-09-28,VNQ,102.2696
2023-09-29,VNQ,103.9221
2023-10-02,VNQ,104.3058
2023-10-03,VNQ,104.7542
2023-10-04,VNQ,105.3958
2023-10-05,VNQ,105.8233
2023-10-06,VNQ,103.6414
2023-10-09,VNQ,102.6762
2023-10-10,VNQ,103.2641
2023-10-11,VNQ,102.3263
2023-10-12,VNQ,102.7307
2023-10-13,VNQ,103.8799
2023-10-16,VNQ,103.2307
2023-10-17,VNQ,105.3457
2023-10-18,VNQ,103.79
2023-10-19,VNQ,102.9832
2023-10-20,VNQ,103.3472
2023-10-23,VNQ,104.844
2023-10-24,VNQ,106.2643
2023-10-25,VNQ,104.4711
2023-10-26,VNQ,103.4407
2023-10-27,VNQ,104.2663
2023-10-30,VNQ,105.482
2023-10-31,VNQ,104.3588
2023-11-01,VNQ,104.2336
2023-11-02,VNQ,105.705
2023-11-03,VNQ,106.4206
2023-11-06,VNQ,103.7244
2023-11-07,VNQ,101.971
2023-11-08,VNQ,102.1279
2023-11-09,VNQ,100.6802
2023-11-10,VNQ,99.7272
2023-11-13,VNQ,99.2501
2023-11-14,VNQ,98.2622
2023-11-15,VNQ,99.3194
2023-11-16,VNQ,97.9075
2023-11-17,VNQ,97.7556
2023-11-20,VNQ,96.6228
2023-11-21,VNQ,95.8112
2023-11-22,VNQ,95.919
2023-11-23,VNQ,97.5322
2023-11-24,VNQ,96.7738
2023-11-27,VNQ,99.4466
2023-11-28,VNQ,101.7523
2023-11-29,VNQ,102.5267
2023-11-30,VNQ,104.2996
2023-12-01,VNQ,101.7479
2023-12-04,VNQ,100.3796
2023-12-05,VNQ,102.2323
2023-12-06,VNQ,103.3595
2023-12-07,VNQ,102.7882
2023-12-08,VNQ,105.763
2023-12-11,VNQ,104.7756
2023-12-12,VNQ,103.5772
2023-12-13,VNQ,105.0441
2023-12-14,VNQ,105.9404
2023-12-15,VNQ,105.3788
2023-12-18,VNQ,105.5909
2023-12-19,VNQ,103.2576
2023-12-20,VNQ,103.2663
2023-12-21,VNQ,102.1475
2023-12-22,VNQ,102.9133
2023-12-25,VNQ,100.0597
2023-12-26,VNQ,100.5282
2023-12-27,VNQ,100.7426
2023-12-28,VNQ,101.3459
2023-12-29,VNQ,101.6533
2024-01-01,VNQ,101.9842
2024-01-02,VNQ,103.4921
2024-01-03,VNQ,107.3264
2024-01-04,VNQ,108.0437
2024-01-05,VNQ,106.1992
2024-01-08,VNQ,107.6661
2024-01-09,VNQ,106.2801
2024-01-10,VNQ,109.3452
2024-01-11,VNQ,106.5834
2024-01-12,VNQ,107.2465
2024-01-15,VNQ,104.2121
2024-01-16,VNQ,104.0329
2024-01-17,VNQ,103.8305
2024-01-18,VNQ,103.4547
2024-01-19,VNQ,103.8783
2024-01-22,VNQ,105.1119
2024-01-23,VNQ,104.278
2024-01-24,VNQ,105.1181
2024-01-25,VNQ,103.9933
2024-01-26,VNQ,103.5767
2024-01-29,VNQ,100.9748
2024-01-30,VNQ,99.9629
2024-01-31,VNQ,99.0627
2024-02-01,VNQ,97.7699
2024-02-02,VNQ,97.0483
2024-02-05,VNQ,97.37
2024-02-06,VNQ,97.7539
2024-02-07,VNQ,98.8278
2024-02-08,VNQ,99.2652
2024-02-09,VNQ,99.5984
2024-02-12,VNQ,97.6519
2024-02-13,VNQ,97.6849
2024-02-14,VNQ,96.0438
2024-02-15,VNQ,95.5223
2024-02-16,VNQ,96.4604
2024-02-19,VNQ,95.7138
2024-02-20,VNQ,94.4086
2024-02-21,VNQ,93.5581
2024-02-22,VNQ,93.7359
2024-02-23,VNQ,94.455
2024-02-26,VNQ,95.3014
2024-02-27,VNQ,96.3722
2024-02-28,VNQ,97.2427
2024-02-29,VNQ,96.9523
2024-03-01,VNQ,97.3181
2024-03-04,VNQ,100.6795
2024-03-05,VNQ,98.7705
2024-03-06,VNQ,98.0914
2024-03-07,VNQ,98.6172
2024-03-08,VNQ,98.3291
2024-03-11,VNQ,99.8463
2024-03-12,VNQ,102.1149
2024-03-13,VNQ,103.3584
2024-03-14,VNQ,103.7689
2024-03-15,VNQ,105.352
2024-03-18,VNQ,105.5235
2024-03-19,VNQ,107.1809
2024-03-20,VNQ,106.0068
2024-03-21,VNQ,109.8563
2024-03-22,VNQ,112.7489
2024-03-25,VNQ,111.8262
2024-03-26,VNQ,111.1335
2024-03-27,VNQ,109.1138
2024-03-28,VNQ,108.989
2024-03-29,VNQ,105.9316
2024-04-01,VNQ,105.1915
2024-04-02,VNQ,105.7797
2024-04-03,VNQ,107.8746
2024-04-04,VNQ,108.0684
2024-04-05,VNQ,109.285
2024-04-08,VNQ,109.3936
2024-04-09,VNQ,109.0372
2024-04-10,VNQ,110.497
2024-04-11,VNQ,108.4107
2024-04-12,VNQ,109.0545
2024-04-15,VNQ,110.4499
2024-04-16,VNQ,111.6803
2024-04-17,VNQ,114.2679
2024-04-18,VNQ,113.9794
2024-04-19,VNQ,115.9877
2024-04-22,VNQ,116.1273
2024-04-23,VNQ,118.2075
2024-04-24,VNQ,116.1009
2024-04-25,VNQ,118.8533
2024-04-26,VNQ,119.1525
2024-04-29,VNQ,118.8771
2024-04-30,VNQ,119.5834
2024-05-01,VNQ,119.8674
2024-05-02,VNQ,119.9797
2024-05-03,VNQ,119.3355
2024-05-06,VNQ,120.9442
2024-05-07,VNQ,122.5828
2024-05-08,VNQ,120.3907
2024-05-09,VNQ,122.7189
2024-05-10,VNQ,124.1828
2024-05-13,VNQ,124.5665
2024-05-14,VNQ,125.5557
2024-05-15,VNQ,124.3823
2024-05-16,VNQ,121.6584
2024-05-17,VNQ,123.9204
2024-05-20,VNQ,124.7319
2024-05-21,VNQ,124.4304
2024-05-22,VNQ,126.6327
2024-05-23,VNQ,131.2325
2024-05-24,VNQ,131.2705
2024-05-27,VNQ,133.5573
2024-05-28,VNQ,131.8992
2024-05-29,VNQ,130.7175
2024-05-30,VNQ,130.2564
2024-05-31,VNQ,131.2753
2024-06-03,VNQ,134.1899
2024-06-04,VNQ,134.859
2024-06-05,VNQ,136.0751
2024-06-06,VNQ,136.1947
2024-06-07,VNQ,136.2714
2024-06-10,VNQ,135.6542
2024-06-11,VNQ,137.5881
2024-06-12,VNQ,135.0325
2024-06-13,VNQ,135.8991
2024-06-14,VNQ,135.3566
2024-06-17,VNQ,137.8613
2024-06-18,VNQ,137.676
2024-06-19,VNQ,139.4764
2024-06-20,VNQ,140.4903
2024-06-21,VNQ,145.9066
2024-06-24,VNQ,146.366
2024-06-25,VNQ,148.8107
2024-06-26,VNQ,151.8978
2024-06-27,VNQ,149.3199
2024-06-28,VNQ,151.4961
2024-07-01,VNQ,155.4281
2024-07-02,VNQ,155.0722
2024-07-03,VNQ,155.7649
2024-07-04,VNQ,156.2692
2024-07-05,VNQ,155.2523
2024-07-08,VNQ,155.8503
2024-07-09,VNQ,156.6114
2024-07-10,VNQ,157.0308
2024-07-11,VNQ,157.372
2024-07-12,VNQ,156.0062
2024-07-15,VNQ,155.0977
2024-07-16,VNQ,156.648
2024-07-17,VNQ,154.6944
2024-07-18,VNQ,154.8734
2024-07-19,VNQ,154.5818
2024-07-22,VNQ,155.5025
2024-07-23,VNQ,157.2311
2024-07-24,VNQ,155.6764
2024-07-25,VNQ,155.1563
2024-07-26,VNQ,153.0341
2024-07-29,VNQ,153.9844
2024-07-30,VNQ,153.8828
2024-07-31,VNQ,153.47
2024-08-01,VNQ,153.9376
2024-08-02,VNQ,153.1012
2024-08-05,VNQ,155.2424
2024-08-06,VNQ,157.7288
2024-08-07,VNQ,156.5459
2024-08-08,VNQ,155.4161
2024-08-09,VNQ,154.3134
2024-08-12,VNQ,152.2008
2024-08-13,VNQ,153.6292
2024-08-14,VNQ,152.9635
2024-08-15,VNQ,151.811
2024-08-16,VNQ,152.1953
2024-08-19,VNQ,151.2125
2024-08-20,VNQ,148.391
2024-08-21,VNQ,145.6323
2024-08-22,VNQ,145.974
2024-08-23,VNQ,146.5984
2024-08-26,VNQ,148.8532
2024-08-27,VNQ,148.2578
2024-08-28,VNQ,146.8389
2024-08-29,VNQ,148.74
2024-08-30,VNQ,143.6337
2024-09-02,VNQ,146.264
2024-09-03,VNQ,145.652
2024-09-04,VNQ,142.0612
2024-09-05,VNQ,141.9794
2024-09-06,VNQ,141.8223
2024-09-09,VNQ,144.9359
2024-09-10,VNQ,145.9666
2024-09-11,VNQ,146.9188
2024-09-12,VNQ,144.4856
2024-09-13,VNQ,144.5347
2024-09-16,VNQ,145.3228
2024-09-17,VNQ,144.6284
2024-09-18,VNQ,144.8265
2024-09-19,VNQ,146.6391
2024-09-20,VNQ,145.4259
2024-09-23,VNQ,148.1362
2024-09-24,VNQ,150.23
2024-09-25,VNQ,151.7371
2024-09-26,VNQ,156.6284
2024-09-27,VNQ,154.7962
2024-09-30,VNQ,155.3162
2024-10-01,VNQ,162.1578
2024-10-02,VNQ,160.0226
2024-10-03,VNQ,158.5884
2024-10-04,VNQ,156.6271
2024-10-07,VNQ,152.1008
2024-10-08,VNQ,153.8735
2024-10-09,VNQ,152.3904
2024-10-10,VNQ,150.7999
2024-10-11,VNQ,150.3355
2024-10-14,VNQ,148.31
2024-10-15,VNQ,150.0135
2024-10-16,VNQ,153.2683
2024-10-17,VNQ,149.9478
2024-10-18,VNQ,147.7024
2024-10-21,VNQ,149.3135
2024-10-22,VNQ,147.5644
2024-10-23,VNQ,150.8616
2024-10-24,VNQ,149.3844
2024-10-25,VNQ,145.8451
2024-10-28,VNQ,147.7193
2024-10-29,VNQ,151.0977
2024-10-30,VNQ,150.686
2024-10-31,VNQ,153.4454
2024-11-01,VNQ,155.8409
2024-11-04,VNQ,158.4302
2024-11-05,VNQ,158.1698
2024-11-06,VNQ,160.9524
2024-11-07,VNQ,160.7776
2024-11-08,VNQ,159.1995
2024-11-11,VNQ,162.9326
2024-11-12,VNQ,158.3944
2024-11-13,VNQ,159.7913
2024-11-14,VNQ,162.5686
2024-11-15,VNQ,161.6666
2024-11-18,VNQ,157.4575
2024-11-19,VNQ,159.0012
2024-11-20,VNQ,157.8647
2024-11-21,VNQ,161.7306
2024-11-22,VNQ,163.6579
2024-11-25,VNQ,164.9883
2024-11-26,VNQ,167.3714
2024-11-27,VNQ,165.2016
2024-11-28,VNQ,165.2
2024-11-29,VNQ,164.7689
2024-12-02,VNQ,160.9414
2024-12-03,VNQ,159.7184
2024-12-04,VNQ,156.2613
2024-12-05,VNQ,155.2673
2024-12-06,VNQ,156.2802
2023-01-03,EFA,98.8189
2023-01-04,EFA,100.2142
2023-01-05,EFA,99.3201
2023-01-06,EFA,100.0662
2023-01-09,EFA,99.9963
2023-01-10,EFA,100.5021
2023-01-11,EFA,98.4484
2023-01-12,EFA,97.5986
2023-01-13,EFA,97.0697
2023-01-16,EFA,97.0626
2023-01-17,EFA,97.2207
2023-01-18,EFA,98.0779
2023-01-19,EFA,99.407
2023-01-20,EFA,98.1311
2023-01-23,EFA,98.6798
2023-01-24,EFA,97.5655
2023-01-25,EFA,96.9391
2023-01-26,EFA,96.0842
2023-01-27,EFA,95.4233
2023-01-30,EFA,96.0558
2023-01-31,EFA,96.8057
2023-02-01,EFA,96.2424
2023-02-02,EFA,96.4838
2023-02-03,EFA,96.5576
2023-02-06,EFA,97.1903
2023-02-07,EFA,97.8057
2023-02-08,EFA,97.6078
2023-02-09,EFA,98.095
2023-02-10,EFA,97.0997
2023-02-13,EFA,96.8453
2023-02-14,EFA,96.6896
2023-02-15,EFA,95.2179
2023-02-16,EFA,96.1415
2023-02-17,EFA,97.5627
2023-02-20,EFA,98.8961
2023-02-21,EFA,99.5897
2023-02-22,EFA,97.9927
2023-02-23,EFA,97.099
2023-02-24,EFA,94.7878
2023-02-27,EFA,95.9836
2023-02-28,EFA,96.1123
2023-03-01,EFA,96.0856
2023-03-02,EFA,94.7444
2023-03-03,EFA,94.118
2023-03-06,EFA,94.8611
2023-03-07,EFA,96.1892
2023-03-08,EFA,96.9146
2023-03-09,EFA,96.9137
2023-03-10,EFA,98.3083
2023-03-13,EFA,97.9933
2023-03-14,EFA,98.9277
2023-03-15,EFA,98.4257
2023-03-16,EFA,98.7707
2023-03-17,EFA,97.8412
2023-03-20,EFA,97.985
2023-03-21,EFA,96.8058
2023-03-22,EFA,95.3311
2023-03-23,EFA,96.0463
2023-03-24,EFA,97.3285
2023-03-27,EFA,97.9742
2023-03-28,EFA,95.6447
2023-03-29,EFA,96.3453
2023-03-30,EFA,95.2902
2023-03-31,EFA,95.265
2023-04-03,EFA,94.1952
2023-04-04,EFA,93.1827
2023-04-05,EFA,92.4325
2023-04-06,EFA,92.8905
2023-04-07,EFA,95.0935
2023-04-10,EFA,97.4142
2023-04-11,EFA,97.2035
2023-04-12,EFA,97.4326
2023-04-13,EFA,98.1928
2023-04-14,EFA,96.3014
2023-04-17,EFA,96.6691
2023-04-18,EFA,93.7092
2023-04-19,EFA,94.6747
2023-04-20,EFA,95.5657
2023-04-21,EFA,97.7013
2023-04-24,EFA,97.7659
2023-04-25,EFA,98.2235
2023-04-26,EFA,99.1875
2023-04-27,EFA,99.249
2023-04-28,EFA,99.6712
2023-05-01,EFA,99.7278
2023-05-02,EFA,101.0573
2023-05-03,EFA,103.1051
2023-05-04,EFA,103.7428
2023-05-05,EFA,103.6247
2023-05-08,EFA,105.3357
2023-05-09,EFA,104.8758
2023-05-10,EFA,105.17
2023-05-11,EFA,105.2226
2023-05-12,EFA,105.1455
2023-05-15,EFA,104.518
2023-05-16,EFA,105.4912
2023-05-17,EFA,105.8161
2023-05-18,EFA,105.9605
2023-05-19,EFA,104.8316
2023-05-22,EFA,103.6609
2023-05-23,EFA,103.2759
2023-05-24,EFA,105.3675
2023-05-25,EFA,106.953
2023-05-26,EFA,106.6224
2023-05-29,EFA,107.3229
2023-05-30,EFA,108.5405
2023-05-31,EFA,108.2465
2023-06-01,EFA,108.2554
2023-06-02,EFA,109.7592
2023-06-05,EFA,109.7897
2023-06-06,EFA,108.8571
2023-06-07,EFA,109.3075
2023-06-08,EFA,109.9281
2023-06-09,EFA,108.8147
2023-06-12,EFA,110.7821
2023-06-13,EFA,113.3175
2023-06-14,EFA,115.9258
2023-06-15,EFA,112.8253
2023-06-16,EFA,115.0991
2023-06-19,EFA,115.2009
2023-06-20,EFA,114.5646
2023-06-21,EFA,115.1476
2023-06-22,EFA,116.3157
2023-06-23,EFA,118.5737
2023-06-26,EFA,119.4418
2023-06-27,EFA,120.3203
2023-06-28,EFA,120.8126
2023-06-29,EFA,120.8171
2023-06-30,EFA,123.0428
2023-07-03,EFA,123.5468
2023-07-04,EFA,121.6843
2023-07-05,EFA,120.2267
2023-07-06,EFA,122.466
2023-07-07,EFA,123.8317
2023-07-10,EFA,123.6718
2023-07-11,EFA,124.58
2023-07-12,EFA,124.2222
2023-07-13,EFA,125.5781
2023-07-14,EFA,126.1184
2023-07-17,EFA,126.1003
2023-07-18,EFA,124.5872
2023-07-19,EFA,125.3984
2023-07-20,EFA,125.8934
2023-07-21,EFA,126.6438
2023-07-24,EFA,128.2169
2023-07-25,EFA,127.0739
2023-07-26,EFA,126.6655
2023-07-27,EFA,127.7466
2023-07-28,EFA,128.143
2023-07-31,EFA,128.3051
2023-08-01,EFA,127.1562
2023-08-02,EFA,124.8337
2023-08-03,EFA,123.3936
2023-08-04,EFA,126.3317
2023-08-07,EFA,124.3747
2023-08-08,EFA,123.4206
2023-08-09,EFA,123.0631
2023-08-10,EFA,123.3136
2023-08-11,EFA,123.2991
2023-08-14,EFA,123.6385
2023-08-15,EFA,123.897
2023-08-16,EFA,122.6081
2023-08-17,EFA,122.7616
2023-08-18,EFA,122.0171
2023-08-21,EFA,124.482
2023-08-22,EFA,123.8931
2023-08-23,EFA,124.571
2023-08-24,EFA,124.6715
2023-08-25,EFA,122.3708
2023-08-28,EFA,124.2663
2023-08-29,EFA,124.4436
2023-08-30,EFA,125.5943
2023-08-31,EFA,125.9151
2023-09-01,EFA,124.3051
2023-09-04,EFA,123.3024
2023-09-05,EFA,125.8298
2023-09-06,EFA,126.7167
2023-09-07,EFA,128.3516
2023-09-08,EFA,129.0856
2023-09-11,EFA,127.0432
2023-09-12,EFA,125.8702
2023-09-13,EFA,123.0708
2023-09-14,EFA,124.598
2023-09-15,EFA,123.4112
2023-09-18,EFA,123.5667
2023-09-19,EFA,121.2429
2023-09-20,EFA,120.801
2023-09-21,EFA,118.9875
2023-09-22,EFA,118.7663
2023-09-25,EFA,119.1974
2023-09-26,EFA,122.1084
2023-09-27,EFA,120.161
2023-09-28,EFA,118.3433
2023-09-29,EFA,119.4473
2023-10-02,EFA,119.47
2023-10-03,EFA,122.0793
2023-10-04,EFA,120.258
2023-10-05,EFA,118.7963
2023-10-06,EFA,118.0879
2023-10-09,EFA,118.1089
2023-10-10,EFA,117.4912
2023-10-11,EFA,117.1837
2023-10-12,EFA,120.2605
2023-10-13,EFA,121.7328
2023-10-16,EFA,121.2335
2023-10-17,EFA,120.3919
2023-10-18,EFA,118.866
2023-10-19,EFA,119.1384
2023-10-20,EFA,120.8644
2023-10-23,EFA,122.0687
2023-10-24,EFA,122.3728
2023-10-25,EFA,120.6224
2023-10-26,EFA,121.2069
2023-10-27,EFA,119.9963
2023-10-30,EFA,120.3008
2023-10-31,EFA,121.1618
2023-11-01,EFA,120.778
2023-11-02,EFA,120.1465
2023-11-03,EFA,120.8274
2023-11-06,EFA,119.8965
2023-11-07,EFA,118.6804
2023-11-08,EFA,116.4742
2023-11-09,EFA,114.6862
2023-11-10,EFA,115.1188
2023-11-13,EFA,114.722
2023-11-14,EFA,116.179
2023-11-15,EFA,116.5001
2023-11-16,EFA,115.0827
2023-11-17,EFA,111.9766
2023-11-20,EFA,111.07
2023-11-21,EFA,111.6801
2023-11-22,EFA,112.6113
2023-11-23,EFA,114.4218
2023-11-24,EFA,117.0633
2023-11-27,EFA,117.7702
2023-11-28,EFA,119.1064
2023-11-29,EFA,120.9646
2023-11-30,EFA,122.2167
2023-12-01,EFA,120.6492
2023-12-04,EFA,116.8327
2023-12-05,EFA,118.1871
2023-12-06,EFA,117.5833
2023-12-07,EFA,116.5482
2023-12-08,EFA,117.6728
2023-12-11,EFA,118.172
2023-12-12,EFA,117.7661
2023-12-13,EFA,117.7452
2023-12-14,EFA,118.4895
2023-12-15,EFA,116.6432
2023-12-18,EFA,116.398
2023-12-19,EFA,116.0351
2023-12-20,EFA,116.4956
2023-12-21,EFA,115.6029
2023-12-22,EFA,115.0077
2023-12-25,EFA,113.9166
2023-12-26,EFA,113.4245
2023-12-27,EFA,110.4811
2023-12-28,EFA,108.6613
2023-12-29,EFA,109.1368
2024-01-01,EFA,107.8204
2024-01-02,EFA,106.3458
2024-01-03,EFA,109.6374
2024-01-04,EFA,111.2655
2024-01-05,EFA,109.7453
2024-01-08,EFA,110.9623
2024-01-09,EFA,110.119
2024-01-10,EFA,111.5484
2024-01-11,EFA,108.5953
2024-01-12,EFA,109.9482
2024-01-15,EFA,107.1945
2024-01-16,EFA,107.6773
2024-01-17,EFA,107.1532
2024-01-18,EFA,107.7302
2024-01-19,EFA,106.2428
2024-01-22,EFA,109.0002
2024-01-23,EFA,108.8317
2024-01-24,EFA,105.9704
2024-01-25,EFA,106.419
2024-01-26,EFA,107.7629
2024-01-29,EFA,105.8315
2024-01-30,EFA,104.6043
2024-01-31,EFA,104.0428
2024-02-01,EFA,105.2023
2024-02-02,EFA,106.9508
2024-02-05,EFA,106.5412
2024-02-06,EFA,107.7524
2024-02-07,EFA,108.2354
2024-02-08,EFA,108.6232
2024-02-09,EFA,108.9866
2024-02-12,EFA,110.1078
2024-02-13,EFA,110.9679
2024-02-14,EFA,111.6775
2024-02-15,EFA,110.0185
2024-02-16,EFA,109.8522
2024-02-19,EFA,111.3225
2024-02-20,EFA,112.8967
2024-02-21,EFA,112.6033
2024-02-22,EFA,113.9172
2024-02-23,EFA,115.1027
2024-02-26,EFA,116.2846
2024-02-27,EFA,116.4776
2024-02-28,EFA,113.7982
2024-02-29,EFA,114.9107
2024-03-01,EFA,114.4014
2024-03-04,EFA,114.3879
2024-03-05,EFA,114.789
2024-03-06,EFA,114.8874
2024-03-07,EFA,116.8884
2024-03-08,EFA,117.7927
2024-03-11,EFA,116.8007
2024-03-12,EFA,118.4056
2024-03-13,EFA,118.3981
2024-03-14,EFA,119.4833
2024-03-15,EFA,119.2345
2024-03-18,EFA,119.094
2024-03-19,EFA,121.6787
2024-03-20,EFA,120.4717
2024-03-21,EFA,121.5059
2024-03-22,EFA,122.7218
2024-03-25,EFA,121.6476
2024-03-26,EFA,123.1042
2024-03-27,EFA,121.8537
2024-03-28,EFA,121.3298
2024-03-29,EFA,122.3314
2024-04-01,EFA,121.1402
2024-04-02,EFA,118.1917
2024-04-03,EFA,119.204
2024-04-04,EFA,116.8559
2024-04-05,EFA,118.6157
2024-04-08,EFA,118.5906
2024-04-09,EFA,120.1721
2024-04-10,EFA,122.0065
2024-04-11,EFA,117.5863
2024-04-12,EFA,118.4507
2024-04-15,EFA,117.4283
2024-04-16,EFA,120.2973
2024-04-17,EFA,120.9709
2024-04-18,EFA,119.9644
2024-04-19,EFA,119.9109
2024-04-22,EFA,119.9642
2024-04-23,EFA,122.1299
2024-04-24,EFA,119.0479
2024-04-25,EFA,118.4525
2024-04-26,EFA,117.6918
2024-04-29,EFA,114.7935
2024-04-30,EFA,114.13
2024-05-01,EFA,114.8635
2024-05-02,EFA,113.3869
2024-05-03,EFA,115.2877
2024-05-06,EFA,116.1167
2024-05-07,EFA,116.9564
2024-05-08,EFA,117.7239
2024-05-09,EFA,119.1534
2024-05-10,EFA,119.0789
2024-05-13,EFA,118.9411
2024-05-14,EFA,118.3262
2024-05-15,EFA,117.8775
2024-05-16,EFA,116.9894
2024-05-17,EFA,119.1007
2024-05-20,EFA,119.5775
2024-05-21,EFA,120.1116
2024-05-22,EFA,122.7742
2024-05-23,EFA,124.0236
2024-05-24,EFA,124.8336
2024-05-27,EFA,127.7209
2024-05-28,EFA,127.8679
2024-05-29,EFA,126.7703
2024-05-30,EFA,126.1121
2024-05-31,EFA,127.6081
2024-06-03,EFA,130.4947
2024-06-04,EFA,131.2081
2024-06-05,EFA,131.8475
2024-06-06,EFA,129.7837
2024-06-07,EFA,129.6639
2024-06-10,EFA,128.7483
2024-06-11,EFA,130.949
2024-06-12,EFA,130.8843
2024-06-13,EFA,130.6405
2024-06-14,EFA,129.8509
2024-06-17,EFA,129.8425
2024-06-18,EFA,131.3913
2024-06-19,EFA,133.2396
2024-06-20,EFA,136.1655
2024-06-21,EFA,140.1445
2024-06-24,EFA,141.8597
2024-06-25,EFA,142.7388
2024-06-26,EFA,144.2571
2024-06-27,EFA,142.2699
2024-06-28,EFA,145.3783
2024-07-01,EFA,148.0304
2024-07-02,EFA,148.5272
2024-07-03,EFA,150.9417
2024-07-04,EFA,150.3627
2024-07-05,EFA,150.1011
2024-07-08,EFA,149.2873
2024-07-09,EFA,145.8492
2024-07-10,EFA,145.3496
2024-07-11,EFA,146.381
2024-07-12,EFA,145.7144
2024-07-15,EFA,145.7239
2024-07-16,EFA,145.7849
2024-07-17,EFA,143.4398
2024-07-18,EFA,146.649
2024-07-19,EFA,146.1119
2024-07-22,EFA,145.5647
2024-07-23,EFA,148.0614
2024-07-24,EFA,145.9919
2024-07-25,EFA,145.1561
2024-07-26,EFA,144.7318
2024-07-29,EFA,146.6497
2024-07-30,EFA,143.0683
2024-07-31,EFA,142.1998
2024-08-01,EFA,145.3653
2024-08-02,EFA,146.0773
2024-08-05,EFA,145.7155
2024-08-06,EFA,148.8081
2024-08-07,EFA,148.4441
2024-08-08,EFA,147.5981
2024-08-09,EFA,147.3634
2024-08-12,EFA,147.904
2024-08-13,EFA,145.8334
2024-08-14,EFA,148.104
2024-08-15,EFA,147.8329
2024-08-16,EFA,148.203
2024-08-19,EFA,147.3972
2024-08-20,EFA,148.5751
2024-08-21,EFA,150.0323
2024-08-22,EFA,150.6442
2024-08-23,EFA,150.3615
2024-08-26,EFA,150.9612
2024-08-27,EFA,152.271
2024-08-28,EFA,151.2327
2024-08-29,EFA,151.0098
2024-08-30,EFA,151.6898
2024-09-02,EFA,152.9151
2024-09-03,EFA,152.8996
2024-09-04,EFA,150.3653
2024-09-05,EFA,149.1511
2024-09-06,EFA,147.3628
2024-09-09,EFA,150.1565
2024-09-10,EFA,150.5615
2024-09-11,EFA,150.3546
2024-09-12,EFA,148.9211
2024-09-13,EFA,149.2913
2024-09-16,EFA,149.0419
2024-09-17,EFA,147.6205
2024-09-18,EFA,145.2218
2024-09-19,EFA,147.2638
2024-09-20,EFA,144.3368
2024-09-23,EFA,144.1718
2024-09-24,EFA,146.9855
2024-09-25,EFA,148.4482
2024-09-26,EFA,151.603
2024-09-27,EFA,151.9449
2024-09-30,EFA,149.9896
2024-10-01,EFA,154.0216
2024-10-02,EFA,151.9956
2024-10-03,EFA,151.4485
2024-10-04,EFA,151.9504
2024-10-07,EFA,152.8223
2024-10-08,EFA,153.1734
2024-10-09,EFA,154.744
2024-10-10,EFA,153.6917
2024-10-11,EFA,151.6393
2024-10-14,EFA,151.9656
2024-10-15,EFA,149.4293
2024-10-16,EFA,149.678
2024-10-17,EFA,151.1163
2024-10-18,EFA,148.8463
2024-10-21,EFA,149.384
2024-10-22,EFA,148.7769
2024-10-23,EFA,151.5846
2024-10-24,EFA,148.2037
2024-10-25,EFA,147.3603
2024-10-28,EFA,147.9788
2024-10-29,EFA,152.0365
2024-10-30,EFA,153.4074
2024-10-31,EFA,152.5099
2024-11-01,EFA,155.9333
2024-11-04,EFA,157.8529
2024-11-05,EFA,159.8003
2024-11-06,EFA,164.1758
2024-11-07,EFA,167.9354
2024-11-08,EFA,164.5957
2024-11-11,EFA,167.8052
2024-11-12,EFA,167.7484
2024-11-13,EFA,171.1866
2024-11-14,EFA,171.4041
2024-11-15,EFA,171.3538
2024-11-18,EFA,166.0539
2024-11-19,EFA,167.1798
2024-11-20,EFA,169.043
2024-11-21,EFA,170.8737
2024-11-22,EFA,171.4677
2024-11-25,EFA,171.5503
2024-11-26,EFA,169.2706
2024-11-27,EFA,165.4595
2024-11-28,EFA,164.9332
2024-11-29,EFA,163.5251
2024-12-02,EFA,160.1379
2024-12-03,EFA,159.2194
2024-12-04,EFA,158.4573
2024-12-05,EFA,160.3628
2024-12-06,EFA,161.0182
